view_id,plot_id,vibi_fq_no_trees,carex,dicot,shade,svp,fqai,hydro,sens,tolerant,subcanopy_iv,canopy_iv,shrub,monocots,percent_open,developed,developed_edge,ldi_3k,subcanopy_dens,canopy_dens,subcanopy_dom,canopy_dom,simp_plot,xcoord,ycoord
1,1149_2,14.70588235,2,15,12,0,13.76195133,0,0,0.294117647,0,0.182941817,0.018796992,2,2.665,69,12373,0.808974548,0,1740,0,38243.92556,1149,2189270.346,568232.3194
2,3410_2,24.79680683,9,28,26,1,17.44531407,0.228394722,0.006999087,0.428815107,0,0.153531427,0.003001443,1,23.27,9,8652,0.967143949,0,580,0,107621.6755,3410,2223687.055,592933.7877
3,1298_2,18.26029216,0,9,6,0,13,0,0,0.400398406,0,0.207179237,0,4,0.52,17,8129,1.002349717,0,2050,0,101804.8292,1298,2149175.76,646651.2648
4,1105_2,54.16512263,8,27,33,1,24.65118356,0,0.170685279,0.177203507,0.042431397,0.12367396,0.036198503,4,2.665,298,9445,0.130066215,50,880,777.1333333,27898.65823,1105,2215919.22,597939.0801
5,1156_2,1.026588442,1,17,14,0,9.128709292,0.015892145,0,0.962865354,0,0.227808633,0.002620923,0,14.365,110,2577,0.383782834,0,210,0,39991.08671,1156,2265947.319,685375.9305
6,1279_2,49.78329184,7,37,32,0,19.46160575,0.62960372,0.004115057,0.142010617,0,0.240043679,0.003521788,3,6.5,113,4699,0.509252235,0,800,0,46731.89313,1279,2169709.854,595223.6099
7,1366_2,19.99807333,1,37,25,0,16.73721388,0.07749978,0.013191452,0.804293818,0.043639018,0.12636758,0.133716129,0,5.265,12,1163,4.235561543,75,2150,584.76625,54282.91127,1366,2145065.079,619346.9762
8,1347_2,14.46425203,1,17,11,0,16.27763922,0.056593096,0,0.3729485,0.031691526,0.133464448,0.000178402,2,4.875,64,5715,6.861550393,10,740,441.8,49699.60745,1347,2238846.762,625472.5799
9,1343_2,9.573546368,2,24,15,1,17.77422507,0.028708817,0.017925157,0.898209865,0.097517893,0.140868186,0.012391721,1,5.005,538,12861,0.071541894,280,580,2258.663,49636.34786,1343,2162301.567,596707.9252
10,3390_2,8.626977796,6,25,17,1,12.57301257,0,0.008126872,0.944278,0,0.222343986,0.010283834,3,92.365,101,12459,0.916684769,0,125,0,79.755,3390,2191958.125,560908.0515
11,1040_2,25.59023726,2,18,14,1,13.92621248,0.713675214,0,0.280897436,0,0.188928068,0.023300518,1,7.215,155,5155,2.563182828,0,510,0,84812.66155,1040,2259264.385,696133.0471
12,1164_2,10.65134973,2,23,16,0,12.80987991,0.025736505,0,0.601134838,0,0.102962632,0.000192052,0,6.045,88,3537,6.27619581,0,675,0,104087.8761,1164,2213720.472,644572.9659
13,1386_2,37.26570283,5,23,18,1,20.05050441,0.46145494,0.081433225,0.279587405,0.055238706,0.157599853,0.254036388,3,5.655,353,20787,0.526323602,70,430,13.741,70159.91858,1386,2118201.316,635714.2277
14,3461_2,27.38073625,1,23,21,2,14.49568901,0.096235095,0.002347197,0.455356305,0.087673755,0.084560218,0.114446529,1,2.6,50,4138,0.210312743,1000,300,196.3,571.63,3461,2265467.025,690093.3378
16,1061_2,44.45124997,7,24,29,1,23.59071298,0.160279761,0.08800816,0.234251299,0.04825396,0.147034354,0.028501532,6,0.585,349,9445,0.088871907,50,960,232.825,31308.36443,1061,2216609.061,598036.6266
17,1310_2,59.41025416,6,36,41,2,26.70948943,0.296610533,0.083686849,0.198183143,0.038712533,0.134443021,0.030295627,4,4.81,115,5546,3.957283387,40,440,7.852,37946.82065,1310,2139586.527,636755.8654
18,1111_2,36.79156915,2,21,23,1,18.58467766,0,0.079978672,0.399893362,0,0.186224875,0.058218513,6,4.42,32,8869,0.551138467,0,720,0,65916.62391,1111,2228097.89,621784.1929
19,1312_2,38.81772516,0,12,12,1,19.27092165,0,0.166909091,0.042181818,0.030760913,0.257686315,0.000766871,6,5.2,224,3845,0.493139866,20,2340,883.6,81173.3491,1312,2261767.066,694658.4621
20,1263_2,10.21835551,2,17,6,1,9.05203811,0.024564995,0.006141249,0.935516888,0,0.160847202,0.035118525,1,56.29,92,6812,2.220609434,0,500,0,3247.14125,1263,2250467.753,638503.7263
21,1080_2,14.17143732,5,28,20,1,15.10026017,0.058499805,0,0.631017897,0.029051403,0.129061581,0.010912464,1,4.03,30,11301,0.342545697,10,810,1.963,32363.65444,1080,2267303.796,648615.9329
22,1273_2,37.3705821,1,8,10,1,17.5575245,0.166666667,0.25,0.25,0,0.36101095,0,1,0.13,493,3845,0.496108664,0,3260,0,127020.937,1273,2260983.873,695114.2764
23,1147_2,35.4732695,3,12,14,1,18.37117307,0,0.057475582,0.114951165,0.068143436,0.133854617,0.037343173,3,1.755,562,12861,0.316161231,40,710,7.852,33879.18139,1147,2161238.136,595144.1489
24,1396_2,27.76790795,1,35,28,2,18.84851895,0.130018221,0.05087874,0.539846,0.085690467,0.088944928,0.133746591,3,6.825,46,11301,0.472984133,230,310,384.0605,13678.8844,1396,2267638.132,651250.614
25,3418_2,33.85938778,3,24,19,0,20.92282739,0.116631677,0.046652671,0.273151388,0.063151989,0.217515392,0.062917578,2,3.9,535,23105,0.424653264,80,1470,73.114,53417.05887,3418,2180965.08,565726.9917
26,1261_2,65.64615812,2,37,39,3,27.77703433,0.445115921,0.087902428,0.175804857,0.108769818,0.144332613,0.231157187,6,0.715,200,12373,0.940601919,340,3890,141.808,26828.38798,1261,2187933.529,565866.9519
27,1025_2,45.81014304,4,29,33,0,23.57475834,0.086935942,0.071946986,0.3650994,0.061016178,0.135580505,0.00963409,7,1.56,110,9445,0.093556508,30,1670,244.85,31900.25119,1025,2215292.393,600164.4452
28,3382_2,59.88881258,5,22,29,0,24.16666667,0,0.153405604,0.098281857,0,0.155656781,0.080459154,6,4.55,318,9445,0.156844131,0,800,0,45122.86636,3382,2215205.421,597767.1292
29,1340_2,32.15605697,0,27,20,1,21.20746936,0.142034905,0.001113999,0.313590791,0.047189453,0.170219043,0.006900293,2,6.63,40,9802,2.260677005,80,2040,160.463,60348.6737,1340,2232510.466,690199.0661
30,1021_2,40.41692028,5,30,31,4,18.16643143,0.575619149,0,0.255587193,0.186485753,0.125849886,0.375901508,4,5.135,65,23105,0.592100795,1150,583.3333333,262.5566667,28370.87248,1021,2179760.506,567027.9331
31,1064_2,48.76148811,3,14,15,2,20.19996192,0.12973534,0.233523612,0.00778412,0.031315935,0.162200143,0.022886024,5,2.275,89,12255,0.378132119,40,1460,112.363,54092.39087,1064,2262711.436,638547.7416
32,1233_2,38.826403,2,29,27,3,20.89230414,0.115384615,0.057692308,0.394230769,0.033367967,0.103125933,0.025236593,4,0.715,41,8257,0.306360316,25,1225,1104.5,13280.98624,1233,2212397.087,603315.6784
33,1123_2,3.905467589,4,16,10,1,8.198915917,0,0.001963698,0.978360051,0,0,0.02739735,2,99.775,6,11148,3.125480764,0,0,0,0,1123,2223775.064,616337.1171
34,1230_2,3.49452002,3,20,16,0,11.68935523,0.022140221,0.005507518,0.928292119,0,0.205416445,5.39E-05,2,10.01,10,2794,8.786918561,0,6000,0,809.77,1230,2144423.232,639891.3476
35,1073_2,7.35190248,6,35,16,0,15.74853623,0.008101442,0,0.884908725,0,0.10719731,0.227282592,2,3.12,107,12373,0.818038101,0,4150,0,8140.738125,1073,2187918.784,569530.8296
36,1033_2,87.9129472,1,41,40,3,31.89526128,0.252515434,0.421069224,0.017023512,0.071524144,0.186238539,0.183665378,6,2.795,95,11010,0.257856734,340,1040,55.458,111895.4376,1033,2264047.544,699030.968
37,1330_2,15.69978507,2,37,27,1,20.22982703,0.050186226,0.005410914,0.850721906,0.05101073,0.108403396,0.040610365,6,5.46,178,975,0.561799631,90,490,93.571,45986.84092,1330,2135797.989,633792.0526
38,1269_2,45.65332714,2,31,32,4,23.33452378,0.293574594,0.188330871,0.450516987,0,0.158562161,0.00949833,4,1.625,332,9445,0.119093904,0,740,0,39263.07183,1269,2216350.792,600451.1914
39,1289_2,53.43567968,7,37,37,6,28.32969164,0.168895144,0.119774806,0.344827586,0.028939211,0.255184552,0.051114292,5,1.885,156,11010,1.301684153,10,2560,24.05,55501.37243,1289,2262245.064,700973.1919
40,1388_2,21.09082397,2,10,6,0,11.88424563,0.280898876,0,0.257724719,0.031874694,0.202388365,0,1,0.26,19,13199,1.866887231,20,1320,220.8,44710.17814,1388,2187438.181,625244.9641
41,1388_2,21.09082397,2,10,6,0,11.88424563,0.280898876,0,0.257724719,0.031874694,0.202388365,0,1,0.715,19,13199,1.866887231,20,1320,220.8,44710.17814,1388,2187438.181,625244.9641
42,1275_2,34.24211709,7,32,22,0,22.66099807,0.165025045,0.058244134,0.465901296,0.073530651,0.17434348,0.07215778,3,1.3,195,12861,0.58932922,200,780,521.8216667,63083.5787,1275,2160037.053,595812.2624
43,1385_2,19.78024762,7,30,22,2,17.67766953,0.067637519,0.033038952,0.48503057,0.043971463,0.16110737,0.047849963,2,5.915,114,11862,1.419471636,100,925,200.57875,34265.25813,1385,2190192.254,582498.9437
44,3412_2,11.22534269,1,19,11,0,7.496340571,0.236208626,0.003009027,0.73671013,0,0.432887765,0.052210576,1,99.255,44,7619,1.005145979,0,225,0,2017.25,3412,2217944.681,614830.77
45,1140_2,35.83492002,3,11,15,2,17.8,0.041006014,0.164024057,0.138873701,0,0.233054018,0.073373553,5,5.46,253,5583,0.246525098,0,880,0,89719.48004,1140,2262976.835,690356.0943
46,1204_2,37.98993644,0,10,1,0,11.92961816,0.004207574,0.151472651,0.040673212,0,0,0,3,99.775,197,5583,0.163519186,0,0,0,0,1204,2264870.692,691518.2714
47,3400_2,47.60283026,5,16,16,4,22.29990391,0,0.177499271,0.234625474,0,0.20788905,0.059473378,3,4.81,74,6617,0.799079997,0,1137.5,0,47907.26131,3400,2230368.145,627133.3245
48,1350_2,66.78817905,6,53,51,1,29.80807402,0.54752311,0.031163371,0.169419912,0.120791876,0.172090041,0.312731357,6,2.86,34,2521,2.547553753,1000,1680,2845.338,31946.74639,1350,2138732.478,629496.094
49,1294_2,20.89787465,4,19,17,1,22.98097039,0,0.03362726,0.075026155,0.065060464,0.166103236,0.01001001,3,0.78,40,5546,5.902305681,50,770,564.225,47315.7245,1294,2140430.823,637858.4751
50,1030_2,8.458294283,0,12,9,0,8.249579114,0.095595127,0,0.613870665,0,0.116451509,0,1,5.59,35,9786,3.430709015,0,280,0,80518.98793,1030,2151240.743,650458.3417
51,3417_2,50.77460655,5,22,28,4,28.46049894,0.039600078,0.289845128,0.121152715,0.104661043,0.172827327,0.006798535,7,4.42,109,10222,0.265981654,680,2440,1294.895333,47636.33714,3417,2264066.438,641595.0961
52,1267_2,21.55060131,4,36,25,2,20.35249709,0.035990642,0.036350549,0.468238258,0.030265826,0.141377322,0.055599096,3,1.3,38,11148,2.24866059,10,980,24.05,36205.30933,1267,2221888.463,615122.8865
53,1166_2,42.27169726,2,20,22,2,19.43854786,0,0.051948052,0.25974026,0,0.219575157,0.042553191,3,7.475,51,5546,5.186895837,0,370,0,146586.033,1166,2140170.497,637127.0752
54,1083_2,25.98685525,1,13,13,0,12.70170592,0.665228335,0,0.217188062,0,0.14369123,0.002886043,3,9.1,180,12861,1.276681769,0,1170,0,35442.54048,1083,2159257.669,595641.0817
55,1259_2,53.91473555,6,23,21,2,25.36001646,0.136493926,0.136493926,0.221711634,0,0.132847437,0.044712721,6,2.925,231,3767,7.95857122,0,760,0,44183.55604,1259,2158214.53,601654.9516
56,1268_2,36.57114253,1,39,25,0,17,0.516737812,0.016850146,0.41574927,0,0.230440672,0.031525851,1,4.42,8,1921,0.736774607,0,2100,0,270593.4268,1268,2268256.323,640612.8375
57,1151_2,19.09505167,3,12,10,1,15.6002699,0,0.004713276,0.358208955,0,0.144766172,0.004889769,1,2.99,277,12861,0.218757336,0,1790,0,26670.55747,1151,2163719.106,594834.4167
58,1134_2,4.114673452,3,17,12,0,9.328719097,0,0,0.867277354,0,0.194116579,0.021069265,3,3.315,6,20787,2.106695096,0,350,0,58108.1584,1134,2116943.689,640251.2337
59,1400_2,22.83600748,3,25,17,1,17.44133022,0.445434298,0.025698133,0.43609731,0.029876431,0.181565044,0.000217195,1,3.64,36,7549,0.520682091,10,1300,441.8,47138.04124,1400,2264599.523,636589.7555
60,1357_2,41.94004231,0,29,26,4,24.00046296,0.087647805,0.140490347,0.16313715,0.033247746,0.179387427,0.029368525,5,2.86,18,12373,0.934302841,30,1440,5.889,45839.63194,1357,2191150.853,566249.5922
61,1358_2,38.274078,8,36,30,0,19.97631931,0.656935613,0.014316221,0.26440868,0.175158875,0.063103605,0.442147896,4,9.555,33,1465,2.617213377,760,280,149.188,29731.87941,1358,2154214.586,653588.722
62,1060_2,75.20217348,2,27,33,5,29.34094927,0.317710067,0.189294684,0.018699507,0.1365457,0.157614605,0.229172035,8,1.56,215,10222,0.306799317,1650,950,2553.018333,71441.54916,1060,2263227.466,641871.0956
63,1339_2,47.87096071,5,35,32,0,21.97102197,0.520964389,0.00657834,0.33826347,0.189990382,0.166909887,0.440649684,3,5.72,240,5080,3.373949903,822.4,680,269.87412,55468.95201,1339,2152676.897,605970.4602
64,1376_2,40.91635007,2,18,20,1,21.7329572,0.089031132,0.178062264,0.265347687,0.050389525,0.13667312,0.010733822,3,1.235,193,13199,1.855757658,120,620,604.9666667,50938.72733,1376,2188906.928,625578.4589
65,1376_2,40.91635007,2,18,20,1,21.7329572,0.089031132,0.178062264,0.265347687,0.050389525,0.13667312,0.010733822,3,1.625,193,13199,1.855757658,120,620,604.9666667,50938.72733,1376,2188906.928,625578.4589
66,1288_2,16.8891666,1,34,22,1,17.92516319,0.092265108,0.015377518,0.723204675,0.030032119,0.10146671,0.114506636,4,2.665,42,7549,0.556634894,20,950,3.926,22721.71194,1288,2266060.186,636552.2207
67,1016_2,6.117572885,2,23,11,2,8.256749545,0.016215624,0.003459948,0.931850553,0,0.214573951,0,0,99.84,156,3467,0.336216607,0,50,0,4972.45375,1016,2266380.964,646223.4133
68,1067_2,28.81590473,2,19,18,0,17.82675246,0.402602373,0,0.213930348,0.078058816,0.140872585,0.094015522,3,2.73,82,4635,1.118754258,370,310,221.693,73050.14041,1067,2147738.446,612013.5189
69,1314_2,50.99680305,14,41,44,2,27.17464882,0.044669247,0.289385489,0.467778039,0.155886954,0.114058288,0.016370408,6,3.445,72,5080,3.708779313,1660,710,1859.734,31860.58246,1314,2154795.449,607992.4101
70,3402_2,46.69434772,2,33,14,2,18.03761502,0.542755646,0.026389241,0.415630551,0.036885659,0.127188167,0.188952762,1,76.765,251,11862,1.241020093,275,175,53.9825,8818.8125,3402,2190548.14,580813.3497
71,1053_2,75.80826591,2,54,54,1,31.54466341,0.295427542,0.083649534,0.125982139,0.038896426,0.108649715,0.05026402,7,4.55,278,12373,0.766064892,50,350,9.815,23667.54249,1053,2187352.044,565405.1136
72,1365_2,36.49585312,8,38,34,3,18.78019308,0.501351337,0.006213045,0.36664216,0.029382212,0.058618053,0.018098674,3,8.515,219,11366,0.690574076,20,80,3.926,5777.594,1365,2221161.802,594785.2886
73,1125_2,32.20073702,7,30,32,3,20.44548501,0,0,0.55700682,0.031353495,0.125904134,0.031563857,3,4.29,119,9445,0.447458587,10,350,110.4,47816.44117,1125,2217257.63,601531.9629
74,1004_2,35.10323036,2,21,23,4,15.08659217,0.558710387,0.009159187,0.260426207,0.158305771,0.120215467,0.337954011,3,17.59333333,290,10139,0.46790699,600,233.3333333,117.78,83230.11769,1004,2227457.636,626184.0695
75,1019_2,18.42084649,4,18,16,0,17.70969603,0.074653526,0.036957191,0.455497382,0.031443023,0.138666564,0.018805535,4,3.055,58,12861,1.046011702,10,830,110.4,38548.58244,1019,2160511.772,592960.8469
76,1099_2,20.03275672,3,15,11,0,16.34118976,0,0.057164207,0.417336073,0.030433169,0.190512862,0.016369747,2,6.5,15,9412,8.907141733,10,1130,110.4,50222.70346,1099,2155998.26,602211.4337
77,1018_2,59.34676043,2,38,39,0,24.99962264,0.2884961,0.035548534,0.410980547,0,0.110851854,0.01497189,5,1.17,705,12373,0.858956136,0,80,0,48267.92963,1018,2187894.26,564057.8525
78,1131_2,25.64524614,1,12,10,3,15.65247584,0,0,0.188819876,0,0.217939409,0.026589852,2,2.145,25,7120,1.707429907,0,987.5,0,80732.25618,1131,2150538.795,608551.9094
79,3367_2,43.9130332,7,32,34,2,18.7960188,0.604066715,0.005811438,0.313565834,0.295229554,0.119842868,0.31174324,4,2.34,98,3830,4.800027401,4450,200,873.535,34528.98826,3367,2138473.447,632027.6935
80,1291_2,14.62585034,2,22,11,0,15,0.12244898,0,0.551020408,0,0.100441643,0.048192771,2,0.195,128,7776,3.177197549,0,700,0,12658.04,1291,2161023.825,602368.3805
81,1384_2,36.6012067,2,24,18,1,14.38836335,0.379096486,0.002259351,0.214408634,0,0.152796919,0,2,19.37,30,9157,0.327434144,0,420,0,9375.663,1384,2268458.216,647744.1786
82,1159_2,20.74535411,6,23,22,1,15.77627678,0,0.010911252,0.466861125,0.06211424,0.142515501,0.035237461,3,5.655,270,8869,0.232355296,40,1000,773,30446.70622,1159,2226319.51,623712.8616
83,1104_2,14.03669735,6,31,22,1,15.10518675,0.029980063,0.002998006,0.863500772,0,0.149669675,0.013751564,1,8.71,49,5991,0.309611109,0,725,0,104305.8638,1104,2267126.47,681651.0282
84,3449_2,33.9214156,1,17,10,1,19.82766662,0.064320388,0.121359223,0.091423948,0,0.31356703,0.018747789,3,5.46,201,5583,0.266263386,0,1580,0,91855.18082,3449,2263282.468,689608.9269
86,3415_2,52.64763416,0,31,32,0,24.21358859,0,0.108001612,0.212958402,0.031326115,0.398770676,0.019661295,8,2.665,198,7774,9.296552756,10,790,1.963,129451.1367,3415,2145300.697,640030.8055
87,3463_2,8.064516129,4,20,12,0,14.23438257,0.019354839,0,0.651612903,0,0.144583105,0.032967033,4,0.346666667,72,3838,2.711385712,0,1133.333333,0,146451.9949,3463,2149819.627,648160.8123
88,3413_2,25,0,5,1,0,11.83920042,0,0.5,0,0,0.200332978,0.048324742,0,2.535,194,9324,0.369744264,0,1800,0,77732.46004,3413,2263849.106,688248.8429
89,1198_2,9.57100902,3,19,11,0,10.22415441,0,0,0.763373191,0,0.204404343,0.439154786,2,6.63,12,1570,1.833621704,0,1730,0,60509.10569,1198,2113976.688,645730.3582
90,3453_2,21.41705832,2,16,13,1,13.75213482,0.168792198,0.037509377,0.361965491,0,0.209497633,0.072960805,1,5.33,41,7549,0.402244187,0,600,0,89044.59516,3453,2263897.667,637552.9351
91,1069_2,51.51285762,5,41,32,1,22.58470645,0.310688341,0.1064645,0.298294729,0.172589893,0.103343897,0.047573501,3,45.435,11,11862,0.674343543,240,280,2887.289,32296.47422,1069,2190738.999,579189.2087
92,1138_2,11.37143278,3,35,20,0,11.32441717,0,0.002834226,0.75194853,0,0.111690662,0.275544893,0,41.925,13,7409,1.134519848,0,950,0,6172.284167,1138,2136418.341,630181.4385
93,3392_2,26.84684812,9,28,21,0,21.18726032,0.109970674,0,0.329912023,0.030553453,0.137343675,0.017302036,4,0.455,179,7776,2.30593937,10,1200,441.8,32389.74929,3392,2161355.598,602600.6357
94,3500_2,14.88127722,3,26,15,0,15.7389417,0.383525096,0,0.562781391,0.061491381,0.112603533,0.019767051,1,3.055,11,4098,6.579325654,40,1160,52.026,45523.37687,3500,2172723.69,636624.1072
95,1379_2,3.248513707,1,34,18,2,13.39325615,0.012223459,0,0.922278162,0,0.130901279,0.01568845,2,16.38,131,7217,5.195459141,0,1330,0,17082.4796,1379,2248247.041,626018.2201
96,1057_2,39.02280336,1,18,25,4,18.76242445,0.251269812,0.055076189,0.355425005,0,0.14124432,0.045995809,5,2.86,141,8257,0.19883834,0,440,0,28163.07746,1057,2213668.499,602810.2059
97,1262_2,53.99849872,1,23,19,0,23.43379733,0.248021731,0.141726704,0.078067793,0.059398721,0.196457146,0.199222085,4,0.325,232,7774,8.362767013,110,750,21.593,108278.5824,1262,2145594.225,640520.5382
98,1077_2,24.44901873,8,27,21,2,17.64966397,0.441313183,0.013473155,0.704982822,0.121628299,0.161578283,0.056097085,0,5.2,35,7898,4.520261406,100,4287.5,4400.1875,30741.65753,1077,2172880.806,597778.555
99,1098_2,62.39607854,4,58,50,2,26.0523346,0.190698933,0.003378269,0.228444589,0.032435159,0.111020794,0.014594137,3,2.015,11,12459,0.850404274,30,370,5.889,25934.3636,1098,2189615.703,561075.4206
100,1190_2,21.6842615,5,26,29,0,16.42420123,0,0.032531408,0.77455734,0.030705163,0.073908433,0.031696678,3,46.735,11,3995,0.647873751,16.66666667,266.6666667,3.271666667,18819.95883,1190,2148397.733,615828.0095
101,1224_2,35.03984345,6,24,20,0,22.2940575,0.033333333,0.1,0.366666667,0.038193086,0.137251155,0.060836502,3,0.715,21,3375,0.406164083,130,2880,363.36675,39829.6299,1224,2265871.055,639725.1235
102,3459_2,13.22805363,5,18,19,0,12.32986784,0,0.001658054,0.775902949,0,0.139821968,0.001652465,2,22.945,41,4410,2.379553505,0,150,0,54755.37306,3459,2152551.81,615492.5499
103,1090_2,31.2538117,3,34,29,0,20.16403321,0.095081196,0.047540598,0.551973013,0.142793772,0.141104337,0.007296256,3,1.365,187,975,0.573648892,300,570,346.021,45595.15587,1090,2135595.985,633515.6014
104,1011_2,14.01093065,6,21,14,0,9.373601591,0.023174523,0.005793631,0.831443966,0,0.165156084,0.010460616,1,81.835,45,9049,5.712456615,0,50,0,18571.66667,1011,2241513.513,623270.5718
105,3397_2,29.68924237,2,25,17,2,23.05845415,0.172085065,0.049865559,0.297726717,0.068333094,0.101210318,0.02049496,2,6.5,606,12861,0.059621891,30,600,662.6,43357.00134,3397,2162130.561,596284.3985
106,1338_2,53.74123582,4,42,40,2,25.70158416,0.326118266,0.000250475,0.188210983,0.030954082,0.089665218,0.124638326,5,5.005,454,12459,0.796673171,10,210,1.963,32942.32532,1338,2189780.505,563118.309
107,1328_2,47.16433059,2,22,19,0,21.83333333,0.05273463,0.391593787,0.111016839,0.221230394,0.152365448,0.110570544,6,3.77,37,4169,6.273584068,550,810,5106.328,33602.63138,1328,2184658.928,648546.934
108,1148_2,11.94400542,0,19,10,0,12.24744871,0,0,0.644840822,0.097373643,0.146365747,0,0,3.77,26,3790,2.988564764,100,2220,3164.5,36629.92647,1148,2234154.893,688063.6283
109,1093_2,26.11348604,3,19,13,1,18.27815388,0.179396092,0.092362345,0.454706927,0,0.124430896,0.006408629,0,0.91,46,11366,0.750234281,0,1280,0,27684.40343,1093,2220880.891,592723.029
110,1114_2,14.69861974,2,16,14,1,15.49317468,0,0,0.469809069,0,0.151590449,0.018785684,4,2.99,28,20787,2.147704129,0,950,0,38592.26468,1114,2120296.556,637117.2954
111,1302_2,51.14395834,4,42,34,1,27.46541837,0.131602035,0.105281628,0.258817336,0.039654169,0.108526867,0.023420064,5,3.25,59,3581,5.427414912,90,3240,100.9333333,21272.35918,1302,2142777.365,625161.3721
112,1208_2,30.60249589,10,30,33,3,19.20973422,0.035976458,0.016579013,0.649022299,0,0.124826618,0.014484473,2,1.755,18,9157,0.372486083,0,520,0,33509.34652,1208,2269520.047,647231.7678
113,1043_2,37.94425884,2,18,21,0,14.23438257,0.130355468,0.501667883,0.315594704,0,0.227224739,0,0,3.315,167,1404,0.887122771,0,230,0,167290.5553,1043,2216787.657,614252.6505
114,1200_2,39.59293227,1,9,9,0,15.37707857,0,0.489457831,0.001129518,0.115667831,0.215462108,0.167054038,1,5.2,100,4045,5.860663612,800,1130,2055.553333,44035.19043,1200,2184293.329,648918.506
115,1013_2,40.41128432,7,15,22,0,20.32931996,0.100126321,0.040688784,0.329698823,0,0.19603745,0.047165391,5,2.86,1,7537,1.391786904,0,1500,0,52720.93399,1013,2190970.893,596438.663
116,1146_2,33.8597926,7,23,25,2,20.83333333,0,0,0.179257362,0,0.141261539,0.033679484,4,3.51,307,23105,0.947930006,0,1080,0,39160.43113,1146,2184741.299,562020.3786
117,1089_2,61.06350299,4,44,41,6,30.25,0.088148874,0.183286126,0.09669905,0,0.224341813,0.031861879,4,1.3,349,8257,0.194264209,0,2040,0,87846.52986,1089,2213601.56,600588.925
118,1258_2,46.48395485,2,35,31,2,24.68172401,0.250133905,0.035707909,0.339403678,0.091030435,0.14047879,0.142033227,5,0.715,24,20787,0.702650563,370,620,47.359,33591.32381,1258,2120742.922,638793.7621
119,1129_2,66.07980923,0,15,18,1,23.33782008,0.00063435,0.667336258,0.064069356,0.045350113,0.1383906,0.079260834,7,2.665,310,11010,0.299195803,70,2280,62.088,36112.28163,1129,2262263.915,697458.5848
120,3395_2,24.99037016,4,42,30,0,20.75,0.079211406,0.013201901,0.502464355,0.029964264,0.137178114,0.019037447,3,0.845,168,5080,4.296944967,2.5,240,27.6,3426.035329,3395,2153711.86,608778.0959
121,1271_2,20.73865638,2,20,15,1,19.60757871,0.042851021,0.042851021,0.535780603,0.030294263,0.139582887,0.025216441,3,0.52,79,10139,1.495729158,10,850,441.8,40517.84526,1271,2228162.119,628559.8719
122,1005_2,65.84743318,11,47,52,3,30.5122926,0.128541811,0.088512041,0.196852905,0.072592648,0.157062019,0.024658659,5,2.925,204,16061,1.344624456,220,2640,1226.730333,26135.98303,1005,2191849.272,580242.4526
123,1122_2,36.75831604,9,22,25,0,20.17822376,0,0.05181377,0.44101578,0,0.153079941,0.03789729,6,3.38,63,2193,0.949537192,0,660,0,46638.61499,1122,2151740.533,615758.9826
124,1229_2,22.39170897,5,24,18,0,21.29704446,0.063451777,0,0.475888325,0.028723606,0.14303331,0.043045724,2,2.275,190,5101,0.425927073,10,3190,1.963,37948.69428,1229,2185866.471,569110.5184
125,1012_2,60.9815207,7,28,30,0,25.28571429,0.600318164,0.051050906,0.088796761,0.077257169,0.15060114,0.349642005,7,2.86,70,5583,0.217903679,620,1430,71.8965,32689.29743,1012,2263429.237,693577.2818
126,1295_2,34.09698073,6,42,24,2,20.92457497,0.509967379,0.013048206,0.342152954,0.039246647,0.101437254,0.069046916,3,6.695,15,9346,6.319134816,130,730,45.89,17371.1288,1295,2248573.987,632034.6097
127,1367_2,20.87404043,5,21,21,0,16.02146997,0.133458554,0.02239138,0.441994958,0,0.266399798,0.013229634,1,3.965,35,8869,0.61104039,0,580,0,101197.6543,1367,2228705.957,621694.5336
128,1250_2,20.05369861,9,29,24,1,14.83299893,0.1967579,0.008810055,0.729276792,0,0.243685715,0.005434487,2,26.78,67,5080,4.312288156,0,850,0,42487.5975,1250,2152866.88,609625.6549
129,1136_2,26.01224105,1,10,4,0,15.58845727,0,0.141242938,0.002824859,0.029651013,0.170174873,0.018674718,1,0.52,70,11387,1.474683943,10,1120,110.4,34288.18939,1136,2190116.472,626949.9976
130,1136_2,26.01224105,1,10,4,0,15.58845727,0,0.141242938,0.002824859,0.029651013,0.170174873,0.018674718,1,1.235,70,11387,1.474683943,10,1120,110.4,34288.18939,1136,2190116.472,626949.9976
131,1399_2,62.76573353,7,65,56,6,30.7615724,0.33086309,0.041793662,0.498669738,0.225067085,0.136147828,0.080421389,3,34.58,539,6617,0.516429772,720,260,575.084,69651.2016,1399,2228318.336,626882.1173
132,1370_2,71.99285303,4,40,43,4,31.25093102,0.209695665,0.157768397,0.129376707,0.044171363,0.158400873,0.073457178,5,3.965,596,23105,0.359414522,160,1340,124.141,33643.79514,1370,2182860.181,563037.6949
133,3483_2,28.69496214,5,33,25,0,15.87450787,0.036103819,0.011091803,0.146938662,0.029198857,0.117321514,0.017499979,3,9.1,27,2443,5.490036922,10,1280,1.963,21312.16624,3483,2153140.667,651160.2857
134,1341_2,74.3551684,3,58,56,2,29.96564298,0.566751258,0.017778821,0.126065336,0.035051437,0.148065506,0.08737377,6,2.86,88,7610,0.741393344,50,270,224.826,48538.62646,1341,2194076.389,566989.3066
135,3396_2,52.99751416,2,38,37,3,26.07808786,0.122784638,0.097706609,0.274474148,0.035886903,0.120592251,0.094124143,6,8.06,66,6926,0.303307566,50,730,224.826,34244.21202,3396,2224813.719,622972.104
136,3368_2,48.17995175,6,26,23,3,21.21728251,0.726430784,0.014674711,0.17978151,0.10355505,0.266169779,0.028824051,3,5.98,60,4937,2.484675183,60,490,294.913,105749.6719,3368,2224776.178,616850.6588
137,1282_2,16.14704904,3,21,12,0,15.04374573,0.021338644,0.021338644,0.320506437,0,0.213810892,0.014881691,2,0.606666667,12,8129,1.369997013,0,1000,0,50915,1282,2148903.802,645956.2334
138,1196_2,23.57711889,6,34,29,0,16.01606337,0,0.054861657,0.656017409,0,0.16908285,0.036056609,3,7.995,74,8175,6.398455821,0,1075,0,58210.10224,1196,2232825.585,626588.1489
139,3423_2,19.96471153,6,24,18,1,14.0970141,0.312318197,0.097982179,0.470100126,0,0.175669205,0.011426613,2,2.99,15,9049,4.554635211,0,910,0,39870.03432,3423,2242905.529,625122.6532
140,3499_2,38.59080978,2,40,33,0,20.53025153,0.28346013,0.056917442,0.414201183,0.063609243,0.190075821,0.090799469,2,3.38,165,7129,2.291805315,130,800,25.519,69920.79109,3499,2138976.405,629148.5585
141,1058_2,26.74846086,1,20,16,0,13.13978105,0.412142835,0,0.250238366,0.098003441,0.180708144,0.069938747,2,5.72,64,7774,6.55355046,210,1280,41.223,94634.41215,1058,2145344.006,641260.9315
142,3398_2,47.13878403,4,23,25,2,23.53883861,0.02739726,0.109589041,0.246575342,0,0.18313651,0.061068702,8,0.13,77,3895,1.357094006,0,1930,0,75139.64358,3398,2212105.321,603823.4629
143,1108_2,36.43781805,2,34,22,1,20.57911563,0.103930836,0.070169864,0.797434166,0.129002838,0.309988139,0.007728871,5,23.66,131,11301,0.540270727,120,200,23.556,634.165,1108,2268133.557,652512.3158
144,1101_2,53.73459434,5,43,39,2,27.28764161,0,0.025676038,0.358469679,0.031588941,0.122107525,0.131444428,5,17.55,118,12373,0.864785441,125,2850,12.26875,4713.184375,1101,2188952.553,566619.7758
145,3362_2,50.79802472,3,32,38,6,25.38683764,0.138911241,0.106826132,0.413049186,0.033640555,0.131437265,0.007201309,4,7.345,392,9445,0.26971597,10,320,110.4,35992.59392,3362,2218417.807,598295.0068
146,1380_2,38.1549849,4,34,31,3,20.10179015,0.541039376,0.000225543,0.390414435,0.044557844,0.14313264,0.332674984,5,6.565,44,5583,0.220460967,350,930,22.90166667,46408.77322,1380,2264706.785,693050.5511
147,3385_2,10.04754308,3,18,18,0,16.39599254,0.018183471,0.009091736,0.175258357,0,0.213911804,0.00516761,3,3.293333333,46,11010,2.994608704,0,1533.333333,0,63504.36948,3385,2260025.386,694148.5528
148,1319_2,55.3937968,7,42,45,0,30.16988933,0.019550217,0.048875543,0.288237925,0,0.128086609,0.073398967,7,9.62,127,6617,0.299634928,0,390,0,49314.84707,1319,2228558.255,625410.4968
149,3452_2,14.97493734,0,18,10,0,12.88174654,0,0,0.330827068,0,0.14584442,0,0,0.78,14,474,8.115888045,0,3900,0,63932.67634,3452,2208808.491,648329.4103
150,1354_2,19.04680956,5,46,36,2,18.92679804,0.037701831,0.011114198,0.848766633,0.029623147,0.072752506,0.034235252,1,11.765,418,12459,0.720554639,20,600,3.926,14415.25032,1354,2189014.011,562380.8597
151,3465_2,41.80066638,1,34,35,3,23.17467527,0.27006868,0.043034186,0.594267736,0,0.088324384,0.053342026,4,13.26,128,11301,0.541600179,0,70,0,59979.50378,3465,2268293.696,652495.3172
152,1321_2,32.21056227,2,28,22,1,18.24335495,0.516207327,0.013610071,0.280775774,0.037884721,0.187759301,0.058197153,4,8.515,30,3918,1.204873512,30,610,5.889,57364.33284,1321,2259880.303,696955.2424
153,3422_2,22.6597895,2,33,20,1,14.14213562,0.447616877,0,0.48228703,0.087478203,0.085527525,0.166332836,1,14.885,115,23105,1.625590976,375,625,128.83,9848.573333,3422,2183888.261,560693.3638
154,1026_2,26.74468686,0,20,13,1,14.97108324,0.206543967,0,0.29805726,0,0.137575604,0.032772839,3,11.635,179,7409,0.596236078,0,1170,0,9812.7845,1026,2136016.723,633206.6968
155,1006_2,64.74054931,3,21,23,2,26.5822807,0.254709325,0.046004015,0.068771091,0.106442486,0.135595968,0.112678136,6,4.225,300,20787,0.372307001,640,580,282.7345,44187.92985,1006,2116879.072,635151.4827
156,1293_2,40.9509362,6,34,30,2,24.67571497,0.062619041,0.046964281,0.333576852,0.043404134,0.129981746,0.024778712,4,0.585,17,2872,0.399106908,66.66666667,6150,463.4383333,32402.54252,1293,2184931.389,568377.4498
157,3409_2,27.59898021,1,9,10,1,13.6707311,0.062985513,0,0.181188327,0.029551823,0.127111158,0.014108853,4,4.29,97,3918,0.598800532,20,1390,221.8815,27577.46071,3409,2260575.278,696292.1614
158,1177_2,4.260728654,1,21,16,1,11.6723281,0.01508717,0,0.735136343,0,0.129248581,0.020962268,2,8.19,160,2842,0.336468954,0,1175,0,26617.73694,1177,2265152.811,695718.838
159,1375_2,27.62637265,4,24,19,2,19.66666667,0.106843948,0.05959518,0.335015136,0,0.160666599,0.047703389,3,4.03,313,12861,1.622966033,0,960,0,36824.33175,1375,2163566.447,598805.5998
160,1238_2,26.02859388,0,15,11,0,14.98165545,0.352526439,0.17626322,0.411280846,0.223046655,0.199890924,0.067773636,3,0.52,23,7129,1.845246005,900,700,3008.02,97865.76328,1238,2142310.235,626806.5729
161,1187_2,24.55203389,2,28,24,2,17.19570608,0,0.042464562,0.655167533,0,0.167736124,0.03589966,2,8.385,36,3295,2.188166518,0,2120,0,51282.72746,1187,2224924.369,617777.5691
162,1205_2,3.954087996,4,30,14,1,10.95511263,0.024433449,0.003665017,0.831409199,0,0,0.078030172,3,98.8,216,11366,0.131813993,0,0,0,0,1205,2218789.928,590969.5265
163,1218_2,54.27658766,2,37,30,0,23.30381507,0.564516129,0.112903226,0.161290323,0.154525986,0.114196478,0.47311828,6,3.705,47,7774,2.961834144,570,730,111.891,34023.11723,1218,2145806.459,643229.4124
164,1355_2,34.22383744,5,50,43,3,26.72101233,0.085299085,0.002403676,0.751360905,0.0652985,0.105012054,0.050379843,5,4.745,32,5080,3.477163388,840,680,1387.7095,19682.62551,1355,2154783.683,607654.5542
165,1128_2,52.91202836,2,23,25,2,23.50905518,0.085675635,0.210431384,0.257628138,0.080341392,0.149581716,0.104042864,5,4.29,9,12255,0.526409126,200,2575,345.94,42984.19726,1128,2260831.517,638418.6757
166,1231_2,14.26970068,3,33,21,0,16.85229955,0.217071189,0.007616533,0.804153549,0.035619213,0.135815896,0.045088567,5,1.17,17,5269,1.075427804,100,1230,19.63,43444.39412,1231,2254604.72,638703.5398
167,3457_2,44.90814161,2,19,13,1,22.2,0.130861505,0.196292257,0.068047983,0,0.15929616,0.087353198,4,5.59,185,11010,0.946004574,0,1350,0,62896.07253,3457,2262508.599,700867.3615
168,1082_2,42.56369088,5,43,40,4,24.00284074,0.107320998,0.016090105,0.467882363,0,0.155740369,0.01628449,2,9.49,481,12459,0.596859389,0,2560,0,30198.14852,1082,2188279.301,562788.6588
169,1395_2,5.147831535,2,20,7,0,9.96117463,0.001546017,0.003092033,0.967897417,0,0,6.03E-05,3,99.84,346,10139,0.770675322,0,0,0,0,1395,2224279.85,626413.7664
170,1103_2,23.77397942,8,22,23,2,18.24335495,0,0.042271382,0.587008595,0.029552619,0.152248401,0.029735508,6,5.525,86,5745,0.362592308,30,2280,57.163,32490.72086,1103,2165766.983,594232.4084
171,3378_2,47.91698087,15,37,44,1,22.88888889,0,0.044448286,0.41643105,0.039862385,0.101954293,0.033335926,3,6.89,14,1280,0.726825002,50,650,9.815,30016.75009,3378,2218909.269,605175.8594
172,1277_2,12.92393225,7,35,19,2,16.40380278,0.035294118,0.005882353,0.844117647,0.056286854,0.158159579,0.081280788,1,7.605,70,23105,0.581278166,20,2210,134.45,14313.49933,1277,2181053.873,567599.3168
173,1097_2,45.20447523,2,27,21,1,24.83333333,0.131262306,0.055348939,0.307153796,0.117304016,0.143654784,0.00463526,3,6.175,14,11010,0.992598392,60,3160,799.013,28166.03981,1097,2261018.888,698272.6491
174,1300_2,13.42323387,4,30,24,1,19.55318192,0.047184649,0.013481328,0.770682605,0.071468773,0.137122264,0.030581559,5,2.08,11,10222,0.277304948,400,3100,1689.441667,61426.20958,1300,2264080.725,641958.2733
175,1197_2,58.71890277,1,27,34,4,26.23156949,0,0.092109303,0.139085048,0.077510825,0.22114726,0.081703055,8,3.965,481,23105,0.285872742,200,2240,83.434,47436.36458,1197,2181215.117,564527.8949
176,1389_2,38.87234782,2,30,22,0,22.57806969,0.049257682,0.105650823,0.284497641,0.029134421,0.177840093,0.022011303,3,3.25,68,12373,0.669491782,10,2050,1.963,56480.30619,1389,2187067.401,568859.8765
177,1201_2,19.43813464,7,34,27,1,19.07770699,0.032432366,0.020879101,0.695625302,0.07518486,0.099883477,0.020752747,3,5.265,15,8257,4.05305569,575,2050,1006.631667,27436.47297,1201,2210446.012,601624.0548
178,1153_2,51.91775019,2,27,29,3,24.01922307,0,0.149812734,0.200249688,0,0.327808494,0.027005131,6,5.59,132,8257,0.226266301,0,920,0,87127.12542,1153,2213256.016,599958.2876
179,1143_2,44.50672896,3,21,26,2,22.06211327,0,0.059209881,0.162827174,0.030227977,0.15055221,0.041070573,4,1.885,327,10139,0.903053008,10,1080,441.8,70569.84722,1143,2223685.914,625538.8139
180,1038_2,28.32261302,0,10,11,2,16.97749375,0.214477212,0.107238606,0.085254692,0,0.222421895,0.028012512,3,0.52,52,8989,6.443191449,0,583.3333333,0,94762.46573,1038,2154560.847,651535.0321
181,3425_2,29.44622034,8,28,37,2,20.99804831,0.0616879,0.021964082,0.264040159,0.071363373,0.16065791,0.023928533,7,1.3,44,11010,0.931944992,140,2910,2539.8,48555.07092,3425,2260782.875,697736.6589
182,1178_2,48.01750703,5,15,20,3,23.1869216,0,0.100446429,0.067633929,0.049984018,0.149777107,0.043962485,5,3.575,26,9409,0.623462079,210,1050,74.83,39423.30511,1178,2114534.615,634078.0224
183,3405_2,19.64667298,2,23,13,0,8.225238322,0.542436031,0.007044624,0.419178597,0,0.694444444,0.009134575,2,26.39,106,10222,0.591597323,0,25,0,20750,3405,2260327.239,639298.2065
184,1394_2,41.58897315,6,36,35,2,25.64721546,0.100874059,0.032983343,0.359353526,0.086829985,0.097524873,0.021086359,4,4.16,32,2532,2.820792319,260,770,2465.575,37388.61896,1394,2151126.547,609854.4716
185,1072_2,18.81203235,5,17,16,0,11.4922334,0.383464465,0.000309558,0.390790662,0,0.36662902,0.008797321,4,2.535,18,1771,2.519946966,0,740,0,154453.3765,1072,2190472.955,629532.4702
186,1072_2,18.81203235,5,17,16,0,11.4922334,0.383464465,0.000309558,0.390790662,0,0.36662902,0.008797321,4,3.9,18,1771,2.519946966,0,740,0,154453.3765,1072,2190472.955,629532.4702
187,1171_2,32.41170324,2,21,26,1,18.49324201,0,0.094694479,0.31746324,0.046431179,0.137832268,0.099440948,4,9.88,143,11148,3.213145386,266.6666667,1750,1125.765833,31932.83338,1171,2219376.088,616498.3058
188,1318_2,29.90322542,3,36,29,1,18.64624734,0.427131178,0.005320187,0.490796077,0.029713193,0.136265385,0.019087815,4,6.5,107,3995,1.217356956,10,800,441.8,28623.28202,1318,2147190.769,616620.9277
189,1352_2,45.47036638,3,33,36,1,23.80476143,0.23094674,0.028245285,0.384634319,0.06072658,0.200468493,0.017283927,5,4.55,60,3375,0.361059052,70,4070,13.741,76026.2874,1352,2265406.647,639721.6944
190,1329_2,55.58194041,3,44,45,3,26.1938475,0.22109959,0.075917099,0.27856185,0.100690082,0.124379293,0.08711829,6,6.24,95,8257,0.136249934,80,850,37.791,28423.85199,1329,2215012.391,602014.8752
191,1219_2,19.68358677,4,18,13,0,17.66435427,0.075301205,0.037650602,0.471385542,0.030549626,0.10895441,0.018666003,2,3.51,145,5715,6.977803208,10,600,110.4,30025.36481,1219,2238683.396,626008.7876
192,3980_2,1.026171477,0,4,3,0,2.474873734,0,0,0.960496503,0,0.100490654,0,0,2.08,26,5738,9.727384429,0,550,0,38299.2,3980,2198495.71,652973.0655
193,1113_2,44.07529515,1,19,17,0,22.29990391,0.038055765,0.169555388,0.170685757,0.049602746,0.182343341,0.016562035,5,4.03,125,11010,0.936117312,60,1780,216.1333333,64566.3852,1113,2262651.376,701149.8932
194,1048_2,37.99465482,4,20,24,3,19.7508288,0.120664583,0.238420841,0.395563256,0.04662698,0.15659002,0.044225058,5,1.43,90,2490,0.49034859,310,980,84.645,73789.00362,1048,2266551.15,638207.2539
195,1253_2,30.00919128,2,28,18,2,18.75732415,0.024285599,0.048571197,0.449526431,0.029322848,0.2115307,0.111568829,1,0.65,154,23105,1.569041219,10,1520,1.963,45173.70274,1253,2180002.332,562255.3227
196,1015_2,14.12061637,2,13,9,0,12.15920038,0.079702444,0,0.48618491,0,0.13964657,0.035009919,2,3.055,125,10139,0.517276221,0,540,0,61917.1744,1015,2226477.246,626185.6161
197,1313_2,31.1822014,6,37,29,1,22.39176867,0.086912424,0.070684611,0.60655354,0,0.163856356,0.052865427,6,2.6,12,16608,1.129981362,0,1530,0,57432.58505,1313,2196924.655,596881.6543
198,1257_2,36.30952381,1,14,12,2,21.05995582,0.047619048,0.19047619,0.238095238,0,0.285088806,0.075,4,0.52,175,11010,0.453042043,0,1383.333333,0,114779.3038,1257,2263998.04,701433.0694
199,1301_2,74.84534975,7,45,57,7,32.85256671,0.098847375,0.141169753,0.1719302,0.097840685,0.130855463,0.044594955,7,3.575,307,9445,0.248613792,700,1380,2309.795333,46335.64867,1301,2217431.405,598832.2241
200,1308_2,27.50584886,1,27,19,1,14.9829969,0.478398099,6.12E-05,0.433715588,0,0.199576721,0,4,13.39,39,3057,11.60377152,0,450,0,71243.16748,1308,2196936.089,646813.0453
201,1240_2,32.63257524,7,21,18,1,23.83333333,0.043478261,0.057971014,0.202898551,0.044445191,0.15112996,0.035984167,7,0.845,17,12255,0.287106033,100,2590,542.6375,40908.15556,1240,2263682.983,638717.5676
202,1029_2,0.859575574,0,10,8,0,6.548461876,0.014721654,0,0.975431413,0,0.102997807,0,0,38.415,56,8652,1.453189617,0,25,0,10431.25,1029,2225137.645,590507.5352
203,1065_2,26.44600662,6,41,25,3,19.39896904,0.194026232,0.002204343,0.808736544,0,0.117792867,0.026524044,3,35.685,49,3845,0.29020143,0,910,0,8243.206143,1065,2264141.262,695405.8033
204,1327_2,26.23561382,10,45,34,2,21.95967378,0.052502694,0.019590557,0.775666351,0.084288745,0.109447466,0.016315537,5,8.19,88,3150,0.494280172,260,620,1593.9,18701.6232,1327,2169352.118,593876.9495
205,3433_2,46.32264301,3,26,26,2,25.46037646,0.158378207,0.080139373,0.159645233,0.052972371,0.190768479,0.04222408,3,0.065,21,3845,0.251568237,120,1960,302.113,76012.85237,3433,2263325.172,694762.612
206,1209_2,49.69508985,3,26,27,1,24.68853599,0.087485516,0.086906141,0.232329085,0.031290367,0.2299931,0.08768853,5,2.86,69,11010,0.352614831,60,1210,30.05375,116722.3171,1209,2262494.346,698878.2758
207,1236_2,55.42908533,4,57,53,5,29.46794106,0.13485536,0.042541123,0.36174135,0.059063399,0.125415041,0.067781292,6,0.65,56,10222,0.295764734,150,750,29.445,43874.28981,1236,2264837.07,641833.1155
208,1272_2,42.32399952,3,35,28,1,23.27015256,0.210526316,0.060150376,0.383458647,0.074487341,0.154357255,0.207668346,4,1.43,36,10222,0.481138703,490,890,48.0935,44192.43297,1272,2261098.95,638673.1758
209,1211_2,24.02981682,3,23,17,0,15.61790379,0.317416287,0.059441252,0.417079453,0.062807252,0.200955114,0.086909406,3,2.6,70,9412,5.306613712,20,700,134.45,99963.43015,1211,2155541.984,604213.9836
210,1383_2,51.24920522,4,52,46,3,26.96989062,0.126883129,0.028445775,0.30933221,0.076116191,0.140679416,0.038530648,3,4.55,202,10139,0.877665205,220,660,945.441,37817.68031,1383,2222518.263,624749.3405
211,1317_2,50.13839813,4,29,24,1,22.16108383,0.340011736,0.214016263,0.238892615,0.042686785,0.18496884,0.30850602,4,5.395,233,23105,0.569927428,800,15100,157.04,531935.2142,1317,2180508.631,563566.455
212,1387_2,22.99890916,2,27,22,1,17.6821349,0.1752939,0,0.41066043,0,0.298477175,0.019179735,1,3.055,56,4388,0.887766828,0,1040,0,63354.15067,1387,2166551.519,597819.7643
213,1210_2,23.97179616,6,28,19,0,19.06232129,0.096385542,0,0.409638554,0,0.170762485,0.072072072,2,3.25,201,23105,1.011445448,0,880,0,37673.29025,1210,2185039.874,561765.4216
214,1086_2,52.80739438,1,32,26,0,21.14422927,0.708483755,0.0433213,0.114620939,0.172640037,0.162045506,0.255217786,0,2.6,8,1434,2.50384937,530,510,104.039,98872.63492,1086,2153444.795,657613.8035
215,3414_2,12.50291939,5,39,15,1,16.85272339,0.009389231,0.009389231,0.880240364,0.029410953,0.091763608,0.008064191,2,73.58,136,7610,0.80137001,25,400,4.9075,1667.489,3414,2193780.423,567036.8003
216,1092_2,19.16746778,3,15,12,0,18.55778285,0.042725913,0.064516129,0.471694082,0.029359996,0.128842189,0.010799111,4,0.65,166,5583,0.30277636,10,1740,110.4,33012.00311,1092,2262218.316,690983.7531
217,1326_2,39.16308536,4,39,34,1,19.71517973,0.202387325,0.029198501,0.318458319,0.059045413,0.132285907,0.025024264,2,7.475,17,4490,4.675822203,40,1280,52.026,132709.9119,1326,2153736.052,659419.1467
218,1102_2,26.84818372,5,21,27,0,16.30293576,0,0.024861685,0.479305273,0,0.114877347,0.007863284,7,5.525,84,4472,2.953338863,0,1660,0,24856.00572,1102,2151936.431,656310.2148
219,1206_2,11.14169101,0,23,10,0,18.66666667,0,0.067400584,0.730397663,0,0.102227147,0.052987931,4,0.26,68,8129,4.807777166,0,790,0,29626.72838,1206,2152677.53,650115.5506
220,3435_2,26.49362988,8,32,29,2,16.25601626,0,0.010675397,0.57291296,0.058530303,0.196886923,0.033414187,2,6.305,14,3779,6.401901656,20,740,26.013,46431.95369,3435,2149581.662,623594.5407
221,1017_2,34.90380259,1,33,27,0,22.1150508,0.225168877,0.136465986,0.239065663,0.044708877,0.172842509,0.128194471,5,6.11,37,11010,0.52316273,30,1300,13.988,31878.4067,1017,2260568.219,695352.8595
222,1068_2,77.52964861,6,51,53,5,30.13768405,0.163033599,0.394362133,0.108948743,0.050776356,0.132318965,0.026499518,5,22.815,290,6617,6.101157084,40,420,7.852,36052.57019,1068,2231689.16,628206.0974
223,1246_2,13.10850185,5,25,22,0,12.86934342,0.120817844,0,0.686802974,0,0.205625036,0.01631913,2,3.315,50,8624,1.886600554,0,1700,0,84394.60052,1246,2137143.211,637005.1728
224,1168_2,32.13760962,2,25,25,0,16.13085693,0.265014428,0.005393598,0.545468029,0.031656126,0.140693408,0.005335752,3,25.48,116,5959,0.656223867,25,150,4.9075,197824.3616,1168,2266445.829,679947.9146
225,1232_2,47.17257642,10,60,47,4,26.37762018,0.347399788,0.004425475,0.487874198,0.112341737,0.108899547,0.282801044,5,12.805,23,9324,0.267909727,1900,1120,362.182,21345.06146,1232,2264360.554,688819.1127
226,3386_2,36.78789044,7,24,22,0,19.52172024,0.075949367,0.050632911,0.222109705,0,0.157451299,0.06114712,2,0.65,119,12373,0.780335254,0,1360,0,33832.3132,3386,2188662.658,567762.4499
227,1316_2,52.89103427,8,41,44,2,27.2271272,0.342820229,0.025913621,0.350584472,0.040717041,0.122532503,0.236215823,4,4.875,183,4231,0.328584446,100,900,19.63,28518.57779,1316,2265491.438,643057.9956
228,1243_2,33.12123757,7,22,23,2,19.28791875,0.12642225,0.02528445,0.36687737,0.028877338,0.25862047,0.01397624,3,0.585,36,7898,5.55316617,10,2500,110.4,76614.27722,1243,2172105.202,598182.2688
229,3495_2,28.00733936,0,32,24,1,18.08725895,0.092161735,0.001807093,0.458098035,0.143764048,0.162350152,0.044942713,4,3.64,71,8888,1.65812829,2110,1050,439.01,32838.329,3495,2137468.273,635924.1604
230,1362_2,14.92171824,4,34,17,0,17.85767487,0.05805879,0.015976609,0.728449851,0.032932134,0.138171377,0.011692108,4,15.08,9,8593,3.180319753,10,520,110.4,30779.96762,1362,2149279.2,648920.7224
231,1287_2,26.71029611,2,39,31,2,20.75,0.039555223,0.019777612,0.670241287,0.030158787,0.109902455,0.054199529,5,1.495,12,6926,0.29336177,30,610,222.863,38847.52252,1287,2225033.304,623462.8009
232,1028_2,32.52464032,5,23,24,3,20.39669091,0.314004067,0.00787584,0.428280956,0.065173342,0.173718478,0.078230108,3,1.755,25,9324,0.458614754,110,1260,340.151,37536.56133,1028,2261723.475,689849.4643
233,1390_2,22.6944842,5,39,32,1,19.05843332,0.063518449,0.075859464,0.658985014,0.028890248,0.11115909,0.088136465,3,5.2,343,8888,3.574488726,20,1030,1.963,21515.36691,1390,2135609.358,636088.1393
234,1194_2,8.58133807,2,27,17,2,14.38836335,0,0,0.564371257,0.045096705,0.151791136,0.058152794,0,5.2,158,23105,1.584246868,150,1875,341.0325,21783.72717,1194,2183531.01,561054.2182
235,3437_2,46.03573983,7,40,38,2,24.75193382,0.165917288,0.070779189,0.367335343,0.052427379,0.113212705,0.010881393,4,3.9,42,9157,1.010446603,160,830,3798,28744.02482,3437,2269704.49,646852.2968
236,3377_2,29.74122462,0,20,12,0,13.88044188,0.369789811,0.160313502,0.406127538,0,0.12066415,0.006200482,0,20.215,27,1921,0.836002714,0,150,0,43559.74181,3377,2268925.08,640052.2563
237,1184_2,20.73279714,6,10,7,0,12.57884226,0.024859859,0,0.25591031,0,0.192920797,0.028764562,2,8.515,34,2331,3.097569518,0,1080,0,67459.61036,1184,2259656.131,694516.8702
238,1393_2,13.33747368,4,31,22,0,15.36283394,0.212222301,0,0.751295337,0.061549947,0.108852354,0.173187941,3,14.69,20,4273,2.066159013,725,2925,408.8958333,28362.93084,1393,2179386.007,596785.5284
239,3406_2,43.23750031,6,33,35,2,22.78795535,0,0.040222565,0.326473151,0.063826339,0.179522569,0.031075738,4,3.25,186,12459,0.799852824,50,2090,1877.6,45664.30883,3406,2189974.285,561669.5776
240,1087_2,38.08267864,2,13,13,1,18.76673856,0.001755926,0.089552239,0.064383963,0,0.260444252,0.00040205,3,0.78,708,5745,0.372575143,0,1066.666667,0,91051.22286,1087,2167971.682,595741.9611
241,1110_2,38.94481415,3,16,17,0,16.61425091,0,0,0.138987289,0.20723324,0.155458886,0.227294681,6,2.405,49,2521,4.234659782,890,810,506.012,77356.19234,1110,2140858.877,628814.7316
242,1047_2,71.21826953,5,45,48,3,32.17335854,0.078284942,0.126118586,0.098435589,0.067577668,0.167870816,0.010740298,6,5.525,187,3994,0.439549104,220,1560,800.2666667,40433.44011,1047,2228795.494,623138.4355
243,1248_2,40.77204865,1,9,12,2,16.97749375,0.201710262,0.075452716,0.152414487,0,0.469100607,0.021503087,4,0.52,64,5583,0.509035063,0,3230,0,189265.388,1248,2261342.714,693365.6937
244,3376_2,22.26926107,2,7,9,0,15.75013227,0.001467351,0.073367572,0.076302274,0,0.20477229,0,3,5.59,113,5927,3.364660436,0,1200,0,71735.69972,3376,2234384.877,687628.3199
245,1035_2,45.55299172,9,23,30,2,22.24859546,0.08543469,0.042717345,0.257665579,0.06590964,0.146313308,0.014060723,7,1.17,21,7408,2.111116933,50,1400,379.3,44502.36383,1035,2152809.535,606855.6288
246,1002_2,24.3506371,9,30,25,1,19.47062565,0.031686275,0.000313725,0.766065359,0.028635047,0.150031756,0.021247993,2,2.795,175,23105,1.217612466,10,3210,24.05,16740.7914,1002,2181967.9,561930.6958
247,1351_2,16.24799808,2,23,16,1,17.64763509,0.110996351,0.041313778,0.564483922,0,0.153546377,0.015631144,2,6.11,74,8175,0.896860865,0,590,0,48551.8943,1351,2230217.646,623112.0972
248,3439_2,64.94031344,9,44,44,0,26.94461913,0.567673716,0.065861027,0.190267587,0.216874997,0.079631762,0.472731237,6,3.77,211,1465,6.168399782,720,300,141.336,28572.75716,3439,2154993.781,652922.8538
249,1254_2,46.08250655,3,45,37,0,22.99369794,0.241019699,0.017381228,0.251448436,0.039751216,0.159374845,0.012513034,3,3.51,10,2775,0.517750354,80,1530,15.704,34470.13764,1254,2148029.046,614524.8309
250,1091_2,33.32285868,6,13,15,1,14.81865691,0.718504343,0.017665244,0.107757986,0.071393323,0.175698485,0.193039839,2,4.875,5,9049,6.487342174,130,2070,133.956,35917.16006,1091,2241667.675,625746.4449
251,1081_2,33.14616385,4,23,21,0,19.77660956,0.520156047,0.028422813,0.55842467,0.029964493,0.373821347,0.012946101,3,6.825,43,11010,0.547974179,20,2750,48.1,121559.7595,1081,2261183.451,696690.1183
252,1368_2,46.59764637,6,31,34,3,23.24123862,0.118356327,0.033287717,0.201945482,0.048119096,0.149728675,0.047963574,3,7.93,233,7549,0.410879183,50,1110,498.963,33287.23037,1368,2265355.228,638660.6263
253,1175_2,30.12996706,2,26,24,0,19.99024152,0,0.08783487,0.374176548,0.029719799,0.17587728,0.040219869,8,4.875,41,8869,0.283520007,10,1870,441.8,38480.14566,1175,2227786.611,623269.3603
254,1124_2,6.397346828,3,26,19,2,14.32078021,0.031289133,0.00020585,0.878394373,0.044333619,0.094918025,0.011016479,3,9.945,36,3467,0.344628629,60,710,16.9325,35800.94673,1124,2265386.279,645978.5492
255,1221_2,56.7711343,10,43,42,5,29.29249051,0.035379445,0.082552037,0.280382098,0.05568388,0.144083502,0.025677237,4,2.535,104,11366,0.132358814,100,960,224.0833333,21442.41001,1221,2218198.471,592979.401
256,1074_2,13.72022898,0,26,15,0,14.41153384,0,0,0.673015873,0,0.176065123,0.004714313,3,5.98,6,3830,5.778519657,0,5400,0,52189.71,1074,2138858.014,631530.6873
257,1076_2,29.12570648,5,34,22,2,17.00840129,0.406555154,0.003507305,0.652671544,0.070720831,0.184916986,0.01793756,3,24.7,23,1988,0.240947763,310,550,60.853,34937.02621,1076,2263846.574,694330.4702
258,3479_2,28.08294714,1,14,11,0,15.05703443,0.052631579,0,0.263157895,0.034584349,0.215808996,0.058394161,4,0.195,113,7774,6.54994212,30,1250,5.889,90424.83729,3479,2141754.964,638941.0171
259,1348_2,28.79413113,0,21,15,2,14.36762233,0.550206327,0.010290896,0.283509094,0.100127225,0.155098113,0.421212409,2,4.485,94,4138,0.164287451,566.6666667,1000,111.2366667,36807.21098,1348,2265306.449,690902.017
260,3652_2,31.19822973,3,31,15,1,12.18243673,0.194489465,0.217179903,0.243111831,0,0,0.018957346,1,36.4,104,8999,10.13235889,0,0,0,0,3652,2198934.347,645329.209
261,1220_2,3.639949133,3,23,17,0,10.37098727,0.03317422,0,0.853314657,0,0.167450267,0.015421786,3,48.555,202,5622,0.41842641,0,325,0,14520.36978,1220,2265404.527,685868.5932
262,3394_2,42.25541148,12,25,33,3,20.46672403,0,0.029783465,0.219496074,0,0.172479983,0.007354383,4,9.945,271,11366,0.069539438,0,500,0,22706.02196,3394,2218148.627,594938.0572
263,1256_2,14.65318512,2,20,15,0,12.96533841,0.151515152,0,0.575757576,0,0.170150374,0.06405694,2,0.325,70,12255,0.540311794,0,450,0,64633.81558,1256,2263192.913,636591.9689
264,1325_2,46.08010624,5,55,42,3,25.46530832,0.298353944,0.010185909,0.261355125,0.176463394,0.11602152,0.173135226,3,5.135,432,23105,0.308561507,380,1400,330.9145,17147.05456,1325,2181718.963,566561.947
265,1034_2,64.87461233,4,55,59,2,29.63489957,0.231641995,0.017189326,0.341351772,0.080462185,0.0922125,0.044805912,7,3.64,360,12373,0.865047569,250,1200,24.5375,47911.72382,1034,2190429.383,563523.2476
266,1126_2,16.78818968,4,23,17,1,14.14285714,0,0.045945325,0.593728463,0,0.128396044,0.051572976,4,8.125,116,4217,0.654363834,0,1100,0,24882.14525,1126,2150621.277,614226.7002
267,1315_2,14.1048658,5,19,15,0,14.8919183,0.132269099,0,0.496669267,0,0.169591557,0.07508247,2,6.76,123,4937,2.880563867,0,600,0,60497.70256,1315,2224401.155,615928.8765
268,1183_2,15.47624359,2,16,11,0,10.25304833,0.080303368,0,0.526031675,0,0.215103566,0.025278662,1,4.095,30,6839,2.220503139,0,770,0,59535.97482,1183,2252737.466,638249.8206
269,1333_2,7.800117798,2,24,12,1,10.21740421,0.024095095,5.35E-05,0.95711073,0,0,0.154400412,0,98.345,26,8652,0.755378723,0,0,0,0,1333,2224097.966,590604.5723
271,1094_2,21.07553614,1,33,24,1,17.25951648,0.081041059,0,0.437514023,0.029414632,0.154980759,0.018535469,4,4.68,28,8129,1.728636662,20,1560,221.8815,21094.24681,1094,2151712.804,646448.5016
272,1255_2,1.456264282,0,17,8,0,4.285714286,0.013085525,0,0.956755207,0,0.722222222,0.007332633,0,99.84,230,3994,0.308413586,0,425,0,746.0375,1255,2227449.127,625022.9724
273,1215_2,15.72920973,3,23,17,1,18.33102059,0.062621508,0,0.457075616,0.035137466,0.144612334,0.000930846,3,1.755,655,12861,0.060121739,30,980,331.2,40309.67826,1215,2162046.691,595633.5996
274,1174_2,41.30601542,6,38,31,2,17.09479114,0,0.005153311,0.353001804,0.244461964,0.149042498,0.489649869,4,10.595,57,10191,4.147615997,3670,720,720.421,27165.71234,1174,2141763.342,628404.2955
275,1372_2,35.46106294,1,41,27,1,22.03061111,0.382988641,0.047544256,0.524071053,0.031253626,0.107228186,0.005758212,2,26.52,267,10139,3.576996838,10,170,1.963,25156.69236,1372,2230009.023,628709.8779
276,1162_2,82.81881176,7,61,49,4,28.78150448,0,0.477399404,0.281107633,0.115027397,0.108502923,0.035382886,3,15.145,125,12459,0.995699343,262.5,325,2866.321875,48346.58779,1162,2192389.623,562462.9873
277,1195_2,6.752597399,3,30,24,0,14.29382499,0,0,0.829813786,0,0.115893195,0.008686462,5,5.395,22,1660,2.685249182,0,4075,0,26441.90347,1195,2122916.971,663928.8373
278,1044_2,11.65338645,0,9,5,1,9.25,0.099601594,0,0.601593625,0,0.159231962,0,1,2.015,148,3891,0.275213673,0,740,0,53766.85292,1044,2266014.235,692209.1489
279,3369_2,47.01769059,0,11,7,1,17.90650321,0.327868852,0.163934426,0,0,0.228437381,0.015962541,2,2.925,358,5583,0.235202817,0,2150,0,50324.87055,3369,2262429.336,692492.8409
280,1191_2,37.18582197,5,24,26,2,20.73980557,0,0.046468401,0.364622057,0.060038,0.093728217,0.038689709,4,7.215,107,10139,1.33590056,50,530,773.1,26099.79355,1191,2227825.552,627715.3693
281,1003_2,52.67227178,4,22,22,1,22.98097039,0.066770532,0.051747162,0.042844425,0.02941811,0.1596232,0.01824834,3,2.275,119,4217,1.066578851,20,1960,232.925,54623.65784,1003,2150598.68,613095.3144
282,1119_2,4.724268951,2,15,4,0,8.966119804,0,0,0.968385919,0,0.083806956,0.298862025,1,52,57,9758,1.342321155,0,225,0,2322.6775,1119,2253517.933,638100.08
283,1155_2,24.34521254,2,12,15,1,12.89415601,0,0,0.237440962,0,0.179329505,0.012861185,3,7.28,60,9049,6.100470817,0,1390,0,55365.05885,1155,2241645.867,624978.1723
284,3389_2,38.1836116,1,36,28,2,18.77942136,0.321309607,0.011791178,0.399052775,0,0.175828424,0.011086475,0,14.82,256,11301,0.356947277,0,516.6666667,0,78947.34296,3389,2268599.372,648837.9331
285,1283_2,10.60880048,0,13,6,0,9.864876556,0.090415913,0,0.365280289,0,0.259333146,0,1,1.625,320,2547,4.806277895,0,1250,0,103380.2402,1283,2242898.61,626511.0262
286,1182_2,32.57497924,0,16,13,0,17,0,0.063511831,0.250311333,0,0.141501696,0.038387716,5,4.615,161,8624,2.126990661,0,960,0,56803.63839,1182,2137765.976,636586.0042
287,3432_2,2.392336872,1,17,11,0,9.841852923,0.043033375,0.019125944,0.765324663,0,0.777777778,0,0,15.86,152,11148,3.132623914,0,500,0,6022.63,3432,2222424.108,616436.7914
288,1332_2,43.36710174,2,19,18,2,22.63919904,0.183925576,0.183010523,0.277260943,0,0.275582093,0.018018018,6,6.89,354,5583,0.242790838,0,1820,0,83212.03376,1332,2262675.664,691997.6318
289,1299_2,33.71445169,9,45,36,1,22.98097039,0.122047244,0.015748031,0.535433071,0.04074894,0.097305837,0.08974359,6,3.12,12,22891,0.183298657,120,460,23.556,10607.13428,1299,2217526.269,612534.8473
290,1306_2,18.66121356,4,26,19,3,15.58845727,0.077606864,0.030919069,0.721419185,0,0.16651655,0.049258051,3,5.98,58,20787,1.665223498,0,330,0,65686.46616,1306,2117176.557,633200.3145
291,3443_2,31.16870027,3,27,23,0,19.528327,0.022726291,0.05845755,0.33242601,0.103694717,0.138712017,0.013987536,2,5.265,7,2115,3.604399272,540,1260,2262,48757.21232,3443,2124287.81,663542.2056
292,3511_2,37.47957987,4,28,18,0,16.74315781,0.623293065,0.006702076,0.265659121,0.04559067,0.114787794,0.022245881,3,37.05,128,8867,2.387699009,200,1850,39.26,16067.62656,3511,2149066.097,644716.4853
293,3444_2,66.37978086,8,58,57,2,31.62702669,0.155931981,0.083710853,0.271223163,0.113849911,0.136608581,0.011830119,6,2.145,231,10139,0.467740515,440,1360,130.546,57656.20364,3444,2225063.683,625444.954
294,1296_2,54.66376233,1,23,20,3,21.93378465,0.113207547,0.523584906,0.08490566,0.096435311,0.114766027,0.111111111,2,0.26,76,9324,0.701794575,933.3333333,1466.666667,5771.446667,41519.71264,1296,2261688.531,687148.2003
295,3365_2,63.11520281,3,24,22,2,25.72478777,0.051024747,0.281656603,0.053065737,0.07276794,0.159153035,0.02318369,4,7.15,178,12861,1.522520099,60,2850,356.3315,21782.26679,3365,2161731.006,597920.9805
296,1050_2,48.20274448,5,25,25,4,23.85909492,0.195877775,0.087345056,0.192274431,0.029452785,0.155780817,0.027052185,4,5.85,103,20787,0.702129918,10,1400,110.4,38323.21584,1050,2120729.268,639191.537
297,1284_2,37.64740826,5,20,20,1,20.06533446,0.383928571,0.053571429,0.348214286,0.127298557,0.186907405,0.064,3,0.78,46,9324,1.52030737,280,1840,6391.2,40039.35139,1284,2260891.735,690907.1027
298,1117_2,54.29618878,3,24,30,2,24.36310685,0,0.105351171,0.109113712,0.057151173,0.177514657,0.022351841,7,1.885,483,12373,1.008224128,20,3070,3.926,37647.46909,1117,2188502.503,565200.1605
299,1041_2,52.4095266,4,40,41,7,26.46467056,0.090835483,0.109740712,0.240439113,0.070200749,0.153186986,0.02340872,4,1.69,146,9445,0.189891597,130,2110,235.4383333,23223.47378,1041,2214513.649,598622.8516
300,1371_2,8.20501942,2,40,14,0,18.61701427,0.006208738,0,0.879674662,0.059509833,0.088025347,0.043178108,1,8.97,2,1736,1.057716365,200,2350,1194.4375,21462.73711,1371,2148335.131,609849.3169
302,1167_2,9.490986529,4,24,17,1,13.48399725,0,0.003714768,0.934935843,0.059846355,0.105859852,0.01026533,2,25.545,95,12861,0.674824732,50,400,1164.625,19266.65906,1167,2163790.615,593267.7629
303,3381_2,19.86575514,2,31,24,0,13.48399725,0.338009004,0.00542841,0.55521055,0,0.143489562,0.006304296,0,21.84,21,4078,0.562529446,0,420,0,27256.0884,3381,2170958.073,593659.1843
304,1112_2,26.5228283,6,30,28,2,19.5646585,0.198590153,0.04956493,0.461559643,0.081411232,0.111756735,0.032777482,4,3.9,86,3375,0.258663412,125,1025,190.19,21673.25414,1112,2264643.033,640350.4073
305,1324_2,26.40251148,4,48,31,1,17,0.215294873,0.01926576,0.682960505,0,0.089651575,0.005968368,2,51.74,28,2199,5.256242996,0,150,0,5621.337857,1324,2237303.363,627237.8805
306,1222_2,31.66493934,11,39,36,1,23.11111111,0.105803312,0.026450828,0.740781886,0.117608268,0.195605852,0.030801308,3,13.325,51,7129,0.982557557,320,1100,62.816,98803.58549,1222,2137313.181,629599.4759
307,1132_2,48.78981382,0,29,32,3,23.19310242,0,0.068073519,0.301452235,0.21959543,0.114473145,0.04952947,6,2.99,54,10139,6.991807111,550,650,760.585,50183.63241,1132,2231629.017,628876.1213
308,1145_2,55.58896066,2,29,29,3,24.67545438,0.376281591,0.082348331,0.164566055,0.032200272,0.21436791,0.101839668,3,2.73,229,11010,0.570527099,50,3025,9.815,87218.87828,1145,2262617.453,700170.5183
309,1369_2,49.04068611,3,43,40,5,27.81867696,0.179177716,0.082228445,0.478203762,0.044787628,0.144413671,0.016928836,4,7.085,291,3845,0.311012131,110,1210,336.568,30481.23463,1369,2262879.599,695635.2784
310,1249_2,3.870465897,2,37,14,0,11.15663875,0.019651191,0.009825596,0.945910096,0.035585497,0.097043221,0.097927579,2,60.97,63,9539,1.346954512,50,550,9.815,2298.648333,1249,2177883.953,596550.468
311,3428_2,31.12231777,4,22,16,0,21.04307038,0.130509939,0.043215212,0.305099395,0.064458952,0.149199382,0.113577209,4,4.615,98,5269,1.020279381,110,600,21.593,61413.41591,3428,2254100.591,638800.4055
312,1052_2,19.84848485,0,7,5,0,6.717514421,0.009090909,0,0.231818182,0,0.300077158,0,0,3.315,28,7175,9.469549023,0,1375,0,235856.6489,1052,2203140.7,639328.5574
313,1008_2,25.13573831,4,11,13,0,16.84285659,0.258754528,0.051750906,0.286182508,0.031308694,0.21644765,0,3,1.625,69,11387,3.598810026,12.5,1075,552.25,68325.37987,1008,2190113.384,621267.8592
314,1008_2,25.13573831,4,11,13,0,16.84285659,0.258754528,0.051750906,0.286182508,0.031308694,0.21644765,0,3,0.585,69,11387,3.598810026,12.5,1075,552.25,68325.37987,1008,2190113.384,621267.8592
315,1100_2,7.116758014,1,12,7,1,11.78376607,0.074738416,0.000747384,0.861235675,0,0.147987435,0.117347937,1,4.55,23,3353,6.069426898,0,760,0,19709.06917,1100,2259115.53,692179.4817
316,1265_2,28.45452718,7,29,20,2,17.01801702,0.483510908,0.03652968,0.412988331,0.029835173,0.152354245,0.016830295,2,5.46,194,7163,0.27371698,10,670,441.8,40787.92383,1265,2213321.638,595942.7565
317,3421_2,27.68058275,6,42,24,2,21.88669453,0.293931732,0.003792668,0.852085967,0.104934075,0.093999238,0.025641026,4,6.63,42,12255,0.547168453,280,450,99.138,21583.83245,3421,2262238.817,636958.5903
318,1336_2,28.05422019,0,28,16,0,15.80154704,0.050169546,0.362833325,0.561934753,0,0.197735414,0,1,6.89,246,11301,0.360351229,0,760,0,72060.13435,1336,2268424.172,649209.0971
319,1242_2,32.79282528,1,18,14,2,18.19814314,0.096092249,0.048046124,0.243113389,0.034871814,0.16470813,0.045728222,4,0.845,40,9409,1.585909594,10,410,1.963,54929.3232,1242,2114919.447,638364.1255
320,3380_2,2.754458004,4,13,5,0,8.308504679,0.00202944,0,0.983723888,0,0,0,1,99.84,346,10139,0.773486943,0,0,0,0,3380,2224294.784,626529.0902
321,1024_2,25.91995026,2,26,20,0,20.08046314,0.022591637,0.011295819,0.404333829,0,0.157751973,0.007981718,4,1.105,25,1699,8.471420331,0,2400,0,34760.60044,1024,2173290.837,637383.3481
322,1192_2,50.27912375,4,37,32,5,23.57667596,0.532611543,0.034925347,0.187985681,0.053044609,0.225487053,0.130415882,3,5.2,77,10222,0.526227086,640,3080,171.253,127533.5511,1192,2260929.07,640140.497
323,3387_2,32.55991606,10,39,35,2,19.88888889,0,0.021301901,0.748761827,0.030079737,0.11419739,0.023282686,2,57.265,45,3995,0.629066142,12.5,262.5,2.45375,18969.83333,3387,2148231.514,615778.8803
324,1078_2,22.18323711,4,26,24,0,14.01077752,0.1163829,0.135445616,0.608652467,0.075444345,0.064602257,0.03103528,1,33.995,186,1029,7.401623928,137.5,150,529.320625,20501.6384,1078,2152700.65,620510.0084
325,1173_2,4.982452393,1,32,21,3,13.07669683,0,0,0.927745079,0,0.125045614,0.002379272,1,19.175,44,873,0.492063074,0,587.5,0,24189.83453,1173,2217795.973,602806.7435
326,1381_2,30.51983877,6,43,31,2,21.82384018,0.379316437,0.016307671,0.414853571,0,0.097130494,0.01135101,1,10.075,129,11366,0.716220861,0,540,0,23571.65087,1381,2221661.096,593856.2402
327,1281_2,21.59372455,4,31,21,1,18.05349195,0.111111111,0.037037037,0.462962963,0.053484938,0.140242907,0.058823529,2,5.59,275,8257,0.882224391,200,2350,2489.9075,23559.99732,1281,2211945.005,601035.9773
328,3411_2,48.12294815,4,37,36,2,21.46440282,0,0.043120176,0.219625429,0.100207599,0.079311624,0.273274694,2,5.98,112,2521,1.072432271,400,260,61.347,10771.55658,3411,2137260.724,630171.0989
329,1051_2,25,0,5,6,0,14,0.298804781,0,0,0,0.183280479,0.015061753,3,2.86,210,12861,4.559073258,0,1510,0,56154.52422,1051,2159622.634,597896.6584
330,1154_2,45.73478204,0,21,21,0,16.53737732,0,0.021809062,0.052341748,0.173688658,0.112061161,0.788114978,4,6.89,88,8867,5.71098678,1983.333333,216.6666667,1146.930833,42602.11743,1154,2148968.734,643518.5499
331,1237_2,52.6452712,6,40,43,5,27.75,0.115138593,0.123667377,0.268656716,0.029894055,0.164650152,0.026181818,4,0.975,368,9445,0.077705754,10,1550,110.4,68916.58734,1237,2216295.83,598773.7382
332,3441_2,13.22815054,3,16,7,0,9.603920768,0.009237805,0.025863555,0.647442944,0,0.361111111,0,2,83.2,18,5155,3.571433522,0,50,0,4.9075,3441,2258754.794,697604.914
333,1115_2,16.61962998,1,11,10,0,13.76494403,0,0.047977422,0.101599247,0,0.146298185,0,4,1.365,219,3767,6.067916393,0,1260,0,89369.89157,1115,2157709.579,603352.1036
334,3364_2,22.4730165,1,14,9,0,14.92405014,0.100196464,0.098231827,0.402750491,0,0.217420636,0.000652742,2,1.04,24,6812,2.697943169,0,900,0,81161.34757,3364,2249816.188,639585.2988
335,1297_2,34.46922618,8,39,33,3,21.18791014,0.151295882,0.026312327,0.440863044,0.04120198,0.120379705,0.037630362,3,1.04,87,6907,0.440978338,70,1070,13.741,31125.56495,1297,2212480.644,605094.1607
336,1235_2,15.78507238,6,19,11,1,14.1450816,0.027923211,0.015125073,0.838278069,0,0.266333787,0.014968336,4,89.895,47,2406,0.258288607,0,10,0,2405,1235,2216965.361,611618.3585
337,1070_2,55.28784698,2,20,20,5,23.33452378,0.55777043,0.08502598,0.030420406,0.078583203,0.135921849,0.268922623,4,3.9,206,9409,0.440455158,480,680,318.2045,67598.79074,1070,2114301.01,635733.1116
338,1304_2,76.61791758,4,46,51,3,34.79151154,0.045221151,0.18475813,0.128276732,0.090221925,0.161741405,0.030359037,10,9.1,157,10222,0.233313306,680,2310,1468.986,35150.50203,1304,2263471.797,640056.3309
339,1179_2,11.61428064,3,24,19,0,13.15218613,0,0.008879242,0.552959747,0,0.162553395,0,2,21.97,16,8899,3.108252845,0,1900,0,31383.50227,1179,2157388.855,604721.8991
340,1207_2,2.069125339,2,22,11,0,7.170065276,0.026484804,0,0.93875389,0,0,0,0,93.34,109,7245,1.188648398,0,0,0,0,1207,2226527.209,619122.0249
341,1217_2,14.68253968,0,16,10,1,15,0.142857143,0,0.428571429,0,0.148750871,0.059701493,2,2.275,90,7163,0.282469959,0,860,0,34277.46828,1217,2213043.922,597174.9048
342,1307_2,26.96385682,8,44,32,1,20.67745494,0.184813448,0,0.695750328,0,0.107916192,0.017056365,5,16.315,68,7776,1.626915576,0,2090,0,13135.0384,1307,2159048.228,604045.7738
343,1286_2,33.66401947,5,35,26,0,21.03503571,0.038201961,0.10823889,0.439704572,0.031078013,0.141775921,0.120896494,4,5.72,46,8129,3.098944472,10,640,110.4,52249.38356,1286,2153024.749,646841.386
344,1180_2,2.587661907,4,13,13,0,9.449111825,0,0.005689253,0.923081299,0,0.180250523,0.003971564,1,2.925,61,3057,8.499741845,0,275,0,208255.3899,1180,2196624.672,643513.2749
345,1374_2,43.09502999,7,33,30,4,25.43102126,0.385359552,0.015082095,0.205020355,0.125372092,0.105969445,0.273064996,7,8.71,130,9409,0.562669181,560,480,228.663,40874.758,1374,2113751.018,636215.485
346,1349_2,45.75737137,7,27,22,1,25.6722385,0.001922153,0.145122537,0.295050457,0.047039232,0.121023494,0.000685538,3,6.89,283,9445,0.034776306,30,710,331.3,27803.38107,1349,2217717.696,596245.3567
347,1054_2,42.02311016,0,25,22,0,18.00735144,0.34548743,0.002997722,0.025540589,0.031657602,0.218937306,0.002435243,2,6.695,98,7774,9.734621552,20,1260,3.926,54220.7142,1054,2144400.279,639179.7802
348,1241_2,31.54037742,8,40,22,2,20.03578887,0.232591529,0.025843503,0.842785355,0.093283844,0.129427341,0.168600683,3,30.095,116,11862,1.253670877,70,430,17.914,9110.002167,1241,2189952.607,582016.2329
349,1014_2,21.40481192,4,24,23,1,12.96498782,0.157857811,0,0.488248363,0,0.132989148,0.039870137,3,19.89,17,4217,2.890467625,0,150,0,9202.5,1014,2151581.958,612517.5053
350,1059_2,7.708776871,4,16,8,0,5.208553759,0.005544221,0,0.911292469,0,0.070132161,0.303789133,2,55.055,63,11148,2.346710826,0,25,0,276,1059,2223527.353,615388.9724
351,3374_2,37.7406286,3,21,18,2,20.92282739,0,0.104858441,0.420132821,0.030032657,0.163253297,0.056819527,3,3.77,14,9193,0.957717063,20,2480,3.926,56889.58943,3374,2189155.645,596508.7022
352,1144_2,50.73554735,7,29,36,3,24.27069564,0.243013366,0.052074293,0.270612741,0.062059951,0.141447667,0.123047799,7,3.445,117,9157,0.41434157,540,1520,233.33,27234.26653,1144,2269668.716,647887.1119
353,1157_2,40.17811053,7,15,13,0,19.84313483,0,0.142510121,0.192442645,0.029585341,0.14232775,0,2,3.38,327,11366,0.093464385,20,1690,276.1,41597.50848,1157,2218990.844,592933.3498
354,1066_2,68.88863543,4,29,31,3,27.95510338,0.098776909,0.178757154,0.10493594,0.043472371,0.226043094,0.084167927,5,3.445,595,23105,0.290752064,120,940,65.9965,62563.85712,1066,2181709.154,563957.2839
355,1150_2,9.247076023,0,7,5,0,6.94879229,0,0,0.554824561,0,0.157243483,0.082101806,1,2.145,31,4919,5.854093979,0,610,0,57417.88079,1150,2152872.681,660220.0143
356,1353_2,54.73656168,4,29,31,1,25.38050852,0.334762672,0.084868013,0.116817449,0.0593885,0.182122833,0.182205395,6,5.85,41,11010,0.459499783,100,3700,37.42375,67984.53193,1353,2262252.624,699246.0837
357,1226_2,12.80789589,4,26,17,1,13.75590782,0.088,0,0.688,0,0.163077307,0.048543689,3,4.42,221,20787,1.66370527,0,320,0,38637.59688,1226,2118558.071,634874.3614
358,1127_2,41.92980875,1,8,11,2,18.4327075,0,0.139013008,0.045576408,0,0.329454899,0.016758279,4,7.475,444,6617,0.462352052,0,1350,0,109765.5255,1127,2228642.518,626972.5749
359,3370_2,67.13270356,4,40,38,3,31.22624587,0.101456544,0.133792682,0.084012908,0.030954364,0.126683001,0.036625884,3,2.08,118,23105,0.776169375,40,1620,112.363,22978.59205,3370,2183935.636,565002.4801
360,1022_2,14.96831929,2,17,13,0,14.05821231,0,0.098373506,0.45659416,0.078657171,0.144666211,0,3,1.495,88,4472,3.161659947,100,1533.333333,2893.375,61001.27669,1022,2151597.112,657042.2365
361,1377_2,15.74671577,3,39,26,2,20.03211707,0.153508563,0.03358298,0.79938463,0.06756889,0.119648624,0.031256186,1,4.03,274,7742,1.15723935,130,880,788.9325,30438.80199,1377,2210502.57,599180.3977
362,1039_2,56.32445551,6,55,52,4,26.13118271,0.346897844,0.013224112,0.388406862,0.0924566,0.135015716,0.029149902,7,2.34,243,4699,0.380802697,480,730,884.8723333,22497.28957,1039,2165865.361,596993.6822
363,1322_2,31.30187382,6,37,34,3,24.94565522,0.055314732,0.012454973,0.642163746,0.033349408,0.118050473,0.009649605,4,4.68,52,12459,0.829049924,50,2187.5,120.25,31574.99536,1322,2186934.659,563135.7432
364,1009_2,35.28322544,5,36,40,0,23.37254505,0.114944889,0.00384946,0.643860752,0.06922377,0.10548722,0.099387969,3,9.1,24,3056,0.785055125,230,450,157.8183333,45808.83823,1009,2186182.757,567396.1611
365,1320_2,25.51201373,6,22,12,2,15.07556723,0.073053067,0.064782908,0.862164025,0.041726386,0.163740828,0.040241449,2,92.17,99,12255,0.463937892,25,125,4.9075,7178.25,1320,2262572.387,637583.5756
366,1359_2,7.541240176,4,32,21,2,17.22344503,0.048680883,0,0.866884829,0.062400182,0.087748362,0.017638857,3,6.955,498,5745,0.306843925,40,580,931.7,15789.24444,1359,2167025.657,595239.2482
367,1135_2,56.32904698,7,37,34,0,22.64883434,0,0.012427073,0.149145382,0.100705969,0.117946791,0.429518671,4,6.175,201,12861,1.771046022,1010,1320,319.05,33145.25053,1135,2162514.368,598745.9782
368,1075_2,19.12326456,4,26,20,1,14.14285714,0.151197134,0.056557532,0.624018098,0,0.166066921,0.024231078,2,1.82,54,4476,2.85284073,0,833.3333333,0,101132.582,1075,2247531.932,626834.6861
369,1223_2,13.87491289,2,22,17,2,15.07556723,0.101185314,0,0.652211622,0,0.134818507,0.040510431,3,1.82,29,8869,0.311254784,0,660,0,45544.90767,1223,2225965.658,622331.34
370,1292_2,17.30390175,3,25,18,0,19.83763884,0.050632911,0.025316456,0.506329114,0.063198126,0.154640404,0.024169184,2,0.65,22,1581,7.590118386,30,760,662.6,43234.61119,1292,2215126.083,641659.289
371,1189_2,69.50020462,12,49,59,7,31.04577951,0,0.089774282,0.265128035,0.078990392,0.113372591,0.002602653,6,10.79,285,9445,0.281962873,60,440,1656.6,34598.08996,1189,2218784.909,598504.1892
372,3964_2,9.021375611,0,20,13,0,12.47282761,0.040227165,0,0.805868434,0,0.317605797,0.009310554,1,2.08,8,9213,9.937292058,0,460,0,187349.992,3964,2195594.878,646555.2062
373,1071_2,31.07312806,3,28,24,1,18.57708557,0.157366993,0.026542409,0.381148991,0.04661967,0.081235643,0.04592818,1,8.32,79,3086,3.045624633,40,260,14.9695,21983.23249,1071,2162440.306,600384.466
374,1199_2,68.02811543,8,27,32,2,24.91769059,0,0.279594541,0.179143236,0.030954685,0.113043839,0.089454067,4,4.615,338,12861,0.164016172,10,860,1.963,20503.67467,1199,2163501.339,597797.4144
375,1188_2,11.68519104,1,22,11,1,9.170605214,0.343207639,0.001115216,0.934373844,0,0.039436292,0.076958201,2,82.94,75,3467,0.288838881,0,50,0,552,1188,2265287.803,645118.8859
376,1055_2,4.593604766,1,6,6,0,4.472135955,0,0,0.977156566,0,0.138818696,0.002974951,0,5.135,6,5613,5.433078714,0,4450,0,37559.39125,1055,2250167.576,637101.9904
378,1161_2,36.04471038,2,14,14,3,16.81941905,0.262827225,0.104712042,0.291623037,0,0.143824426,0.067941893,2,2.275,77,5155,3.067666756,0,710,0,25739.00242,1161,2259890.068,698842.8804
379,1141_2,19.77531941,7,12,15,2,11.83333333,0,0.018281164,0.862769393,0.066565239,0.050302288,0.017636339,1,77.09,188,5549,0.926827403,60,50,576.05,7017.666667,1141,2222003.904,592538.4715
380,1045_2,60.67497232,10,43,53,5,27.23657777,0.042681431,0.034534114,0.186179346,0.08074252,0.211271342,0.014404755,5,1.17,279,11366,0.083748225,80,920,729.825,63158.61316,1045,2219764.989,595824.6571
381,1360_2,1.714823235,2,18,12,0,11.25833025,0.008792534,0.007536458,0.964829864,0,0.19569261,0.002396635,1,54.145,8,5624,4.904132896,0,125,0,22207.89305,1360,2259070.312,699103.2911
382,1373_2,53.95236089,5,29,19,1,18.93204221,0.532360103,0.51649171,0.381179294,0.188430304,0.162286664,0.074840557,1,39.325,321,11862,1.30971833,1250,1350,12334.9825,73864.87411,1373,2190884.148,580603.9136
383,1252_2,26.60270014,5,31,25,3,20.31185439,0.081244768,0.044315328,0.52439805,0.037131138,0.109750918,0.063396079,4,0.845,90,3375,0.318365807,60,1070,11.778,41124.15371,1252,2265526.764,640843.0256
384,1309_2,43.44731556,4,31,25,2,22.0493328,0.128902893,0.057863076,0.178745345,0.06340129,0.13684975,0.116947291,3,2.665,120,2872,0.716222021,110,980,269.6093333,16048.7819,1309,2186125.061,566839.0501
385,1361_2,38.18205125,6,32,25,1,25.54774941,0.022177866,0.089155023,0.353441266,0.029477026,0.135312979,0.04577078,3,8.06,294,9445,0.081265881,10,2370,441.8,39918.56204,1361,2216012.452,598846.0687
386,1216_2,25.43623736,5,39,32,3,22.71215765,0.126306926,0.014034103,0.519261806,0.193402442,0.108820789,0.010429976,5,7.475,105,1544,2.303203606,1890,570,3822.2605,28824.67054,1216,2210066.803,621773.0048
387,1276_2,35.96846847,2,36,24,1,21.14422927,0.47027027,0.032432432,0.332432432,0.091578613,0.11284829,0.150501672,5,4.55,122,5927,5.765889909,270,760,758.4995,34110.58747,1276,2235002.587,686453.7674
388,1363_2,32.86622927,3,32,30,6,23.27015256,0.143154267,0.036367958,0.582422154,0.034014472,0.073211328,0.046624959,4,4.81,30,22891,0.573188518,40,140,1251.05,20774.30189,1363,2217581.235,613488.2528
389,1169_2,35.62235732,5,24,27,2,19.9755406,0,0.045172219,0.339243365,0,0.154203154,0.016398371,4,6.565,94,6907,1.743769053,0,960,0,34812.60444,1169,2211806.755,604474.7227
390,1266_2,32.73207841,8,35,30,0,20.00918907,0.396600567,0.016718525,0.482162263,0.034370121,0.103176911,0.015939959,3,5.135,27,3069,6.730297401,60,780,11.778,24581.00981,1266,2154008.009,614026.3632
391,1212_2,11.76164696,5,38,23,0,14.49764871,0.097905417,0.017800985,0.64083546,0,0.165568061,0.01570434,1,19.63,76,5927,3.7770761,0,950,0,11764.52567,1212,2232831.467,690931.7772
392,3455_2,4.184285574,3,35,16,0,15.74801575,0.014750713,0,0.905693775,0,0.113726885,0.008509455,5,2.73,34,2533,7.211560681,0,940,0,17583.86203,3455,2151894.409,661555.4475
393,1274_2,45.46197434,9,52,46,4,25.11111111,0.221737684,0.044347537,0.501736945,0.04440966,0.148508405,0.056277636,4,0.975,170,23105,0.669028604,100,730,93.55933333,20719.00553,1274,2186031.897,564070.2487
394,1335_2,16.78479213,7,40,22,0,13.05101965,0.42240687,0.003088898,0.908362678,0,0,0.073750038,2,99.84,107,7245,1.654909273,0,0,0,0,1335,2224930.989,619100.8845
395,3372_2,49.30209785,2,20,18,0,20.85965005,0,0.550683255,0.173567204,0.200970047,0.151341362,0.124366651,4,6.24,48,4169,6.266376023,3500,775,13459.66875,62107.03564,3372,2184806.757,648655.9832
396,1031_2,76.93826672,5,36,41,3,29.55288279,0.030452889,0.515934988,0.113858523,0.033639532,0.129648178,0.016642965,7,3.12,50,6926,0.801622851,40,960,58.1445,25715.83274,1031,2223901.045,623295.8898
397,1116_2,22.87549902,5,27,21,2,13.56773133,0,0.010380623,0.650519031,0,0,0.078300871,1,28.73,72,3057,7.229582206,0,0,0,0,1116,2197234.655,643969.506
398,1176_2,62.55407265,5,22,26,4,27.66666667,0.040644206,0.134852631,0.049706159,0.030129472,0.154208304,0.033295512,4,3.445,173,10222,0.286335525,30,1290,74.25433333,57261.37743,1176,2262635.583,639573.2701
399,1010_2,48.93506063,6,25,27,0,19.85714286,0.674555749,0.004545365,0.204365118,0.074037071,0.156164061,0.541830993,5,6.305,23,9399,1.254628119,190,700,37.297,41683.88084,1010,2133642.136,633284.3373
400,1264_2,30.80226198,3,14,12,1,18.55778285,0.045454545,0.090909091,0.181818182,0,0.274569167,0.05,5,0.455,155,9324,0.446331052,0,2390,0,64682.33626,1264,2262312.805,688693.7157
