simp_plot,sample_year,reservation_code,reservation,longitude,latitude,community,sensitive,tolerant,macro_depressions_count_mean,cwd_2to12cm_mean,cwd_12to40cm_mean,cwd_greater_than_40cm_mean,tot_carbon,tot_nitrogen,c_n_ratio,ph,slope,aspect,topographic_wetness_index,average_percent_open
1002,2015,HI,Hinckley,-81.7242,41.20647,Sugar Maple - Mixed Hardwood Forest,0.000313725,0.766065359,0,19.25,1,0,2.35,0.15,15.7,5.6,3.31,289.21,7.41195,2.795
1003,2015,MS,Mill Stream Run,-81.83675,41.34767,Beech - Mixed Hardwood (Hemlock) Forest,0.051747162,0.042844425,2.25,21,0,0,3.02,0.18,17.2,4.6,1.05,220.85,13.66944,2.275
1004,2015,BE,Bedford,-81.55633,41.38163,Ruderal Wet-Mesic Shrubland and Thicket,0.009159187,0.260426207,0,12.33333333,10,0.333333333,3.47,0.18,19.4,5.7,21.68,152.79,10.67231,17.59333333
1005,2015,HI,Hinckley,-81.68763,41.25647,Sugar Maple - Mixed Hardwood Forest,0.088512041,0.196852905,1.75,17.25,0.75,0,3.76,0.22,17.2,6.2,3.72,280.79,10.72277,2.925
1006,2015,BW,Bradley Woods,-81.9591,41.40871,Wet-Mesic Red Maple,0.046004015,0.068771091,2.25,19.75,0.5,0.25,5.75,0.29,20.1,4.4,0.26,320.27,14.59921,4.225
1008,2015,WC,West Creek,-81.69285,41.36983,Oak - Mixed Hardwood,0.051750906,0.286182508,1.625,18,1,0,3.82,0.22,17.4,4.7,1.17,311.58,12.45288,0.585
1009,2015,HI,Hinckley,-81.70868,41.22135,Bottomland Forest,0.00384946,0.643860752,0.25,14.25,4,0.25,2.38,0.16,15.3,7.1,0.91,356.92,7.84979,9.1
1010,2015,RR,Rocky River,-81.898,41.40334,Sugar Maple - Mixed Hardwood Forest,0.004545365,0.204365118,0.25,23.5,1,0,3.66,0.22,16.7,4.5,1.08,210.87,14.11413,6.305
1011,2015,BE,Bedford,-81.50523,41.37318,Ruderal Wet-Mesic Shrubland and Thicket,0.005793631,0.831443966,0.25,7.25,11,0,3.61,0.21,17.2,5.3,7.79,244.19,8.26775,81.835
1012,2015,NC,North Chagrin,-81.42216,41.56544,Sugar Maple - Mixed Hardwood Forest,0.051050906,0.088796761,1.25,16.25,1.5,0,5.84,0.34,17.2,4.4,3.98,77.59,11.05259,2.86
1013,2015,BR,Brecksville,-81.6903,41.30081,Beech - Mixed Hardwood (Hemlock) Forest,0.040688784,0.329698823,0.5,22.5,4,0,3.32,0.17,19.3,5.1,3.67,270.46,10.64705,2.86
1014,2015,MS,Mill Stream Run,-81.83317,41.34597,Ruderal Wet-Mesic Shrubland and Thicket,0,0.488248363,0,15,3,0,2.77,0.18,15.1,4.7,24.24,259.41,6.86229,19.89
1015,2015,BE,Bedford,-81.5599,41.38154,Wet-Mesic Red Maple,0,0.48618491,0.5,32,2,0,2.22,0.13,17.6,4.5,0.77,278.24,11.60278,3.055
1016,2015,SC,South Chagrin,-81.41351,41.4355,Dry-Mesic Meadow,0.003459948,0.931850553,0.5,2,0,0,3.22,0.15,21.9,5.9,1.64,72.1,12.50373,99.84
1017,2015,NC,North Chagrin,-81.43209,41.57051,Oak - Mixed Hardwood,0.136465986,0.239065663,0.25,14.75,2.5,0,4.63,0.19,24.5,5.3,14.96,127.04,7.3235,6.11
1018,2015,HI,Hinckley,-81.70271,41.21217,Sugar Maple - Mixed Hardwood Forest,0.035548534,0.410980547,1.25,15.5,3,0,5.78,0.3,19.5,7,1.55,314.62,13.66108,1.17
1019,2015,MS,Mill Stream Run,-81.80104,41.29215,Oak - Mixed Hardwood,0.036957191,0.455497382,0.5,13.75,1,0.25,5.27,0.3,17.4,5.3,1.65,344.09,14.04746,3.055
1021,2015,HI,Hinckley,-81.73197,41.22059,Sugar Maple - Mixed Hardwood Forest,0,0.255587193,1.75,21.25,3,0.5,2.67,0.17,15.4,6.1,2.36,83.57,11.70598,5.135
1022,2015,RR,Rocky River,-81.83187,41.46807,Wet-Mesic Red Maple,0.098373506,0.45659416,0,17.75,1,0,3.96,0.21,18.7,5.6,21.07,351.26,6.76188,1.495
1024,2015,BC,Big Creek,-81.75364,41.41379,Beech - Mixed Hardwood (Hemlock) Forest,0.011295819,0.404333829,0,15.25,2.25,1.25,4.06,0.21,19.8,6.3,20.03,225.12,11.07998,1.105
1025,2015,BR,Brecksville,-81.60165,41.31046,Oak - Mixed Hardwood,0.071946986,0.3650994,2,13.75,5.25,1.25,3.29,0.18,18.3,5,3.56,139,9.68955,1.56
1026,2015,RR,Rocky River,-81.88935,41.40311,Oak - Mixed Hardwood,0,0.29805726,2.5,29,7.5,0.75,2.71,0.13,21.5,4.7,0.41,307.15,13.75638,11.635
1028,2015,NC,North Chagrin,-81.42877,41.55536,Wet-Mesic Red Maple,0.00787584,0.428280956,1.25,18.25,1.25,0,3.69,0.19,19.3,5.3,0.95,64.85,11.99551,1.755
1029,2015,BR,Brecksville,-81.56622,41.28362,Dry-Mesic Meadow,0,0.975431413,0,3,0.25,0,2.44,0.14,17.8,7.3,0.93,262.58,14.01332,38.415
1030,2015,RR,Rocky River,-81.83332,41.45,Sugar Maple - Mixed Hardwood Forest,0,0.613870665,0,21,3.5,0.5,5.58,0.35,15.9,6.6,6.12,121.78,9.22223,5.59
1031,2015,BE,Bedford,-81.56955,41.37377,Beech - Mixed Hardwood (Hemlock) Forest,0.515934988,0.113858523,1.5,18.75,4.5,1,5.34,0.31,17,6.5,15.18,257.84,7.6998,3.12
1033,2015,NC,North Chagrin,-81.41978,41.58021,Beech - Mixed Hardwood (Hemlock) Forest,0.421069224,0.017023512,0.25,18.25,1,0,3.6,0.24,14.9,4.6,8.98,129.61,9.79741,2.795
1034,2015,HI,Hinckley,-81.69342,41.21066,Ruderal (Standing Dead) Thicket and Forest,0.017189326,0.341351772,1.5,14,2.5,0,2.78,0.16,16.9,7.3,2.03,203.99,11.95121,3.64
1035,2015,MS,Mill Stream Run,-81.8289,41.33049,Wet-Mesic Red Maple,0.042717345,0.257665579,1,26,0.75,0,3.28,0.15,21.4,5.4,0.25,311.85,13.55442,1.17
1038,2015,RR,Rocky River,-81.82113,41.45304,Beech - Mixed Hardwood (Hemlock) Forest,0.107238606,0.085254692,0.25,11.75,0.5,0.25,10.01,0.45,22.2,3.8,32.96,342.83,5.63702,0.52
1039,2015,MS,Mill Stream Run,-81.78182,41.30306,Bottomland Forest,0.013224112,0.388406862,0.75,5.75,0,0,3.99,0.28,14.2,6.2,0.39,38.78,8.20831,2.34
1040,2015,NC,North Chagrin,-81.43747,41.57244,Wet-Mesic Red Maple,0,0.280897436,2.5,33.5,2.25,0.25,3.85,0.24,16.1,4.8,2.58,137.29,13.23202,7.215
1041,2015,BR,Brecksville,-81.60463,41.3064,Sugar Maple - Mixed Hardwood Forest,0.109740712,0.240439113,0,13.75,3.25,0.25,4.65,0.27,17.4,6.1,18.34,84.01,8.13927,1.69
1043,2015,BR,Brecksville,-81.59576,41.34904,Bottomland Forest,0.501667883,0.315594704,0.25,3.75,2.25,0,2.25,0.13,16.8,7.3,2.78,309.75,10.95538,3.315
1044,2015,NC,North Chagrin,-81.41309,41.56145,Sugar Maple - Mixed Hardwood Forest,0,0.601593625,0.75,35.5,0.5,0,2.73,0.14,19.9,4.9,3.06,314.3,11.71802,2.015
1045,2015,BR,Brecksville,-81.58578,41.29832,Oak - Mixed Hardwood,0.034534114,0.186179346,0.25,8.25,1.25,0.5,2.86,0.18,16.1,5.8,3.64,3.54,7.70678,1.17
1046,2015,BC,Big Creek,-81.83884,41.37843,Dry-Mesic Meadow,0,0.735981896,0,0,0,0,10.5,0.66,15.9,5.9,0.23,93.55,14.48822,85.02
1047,2015,BE,Bedford,-81.55157,41.37316,Oak - Mixed Hardwood,0.126118586,0.098435589,0.25,21.25,4.25,0,3.89,0.21,18.3,6.2,19.11,284.75,8.99557,5.525
1048,2015,SC,South Chagrin,-81.41325,41.41319,Wet-Mesic Red Maple,0.238420841,0.395563256,1.5,24.25,1.25,0,4.9,0.26,19.1,4.5,5.17,5.6,10.0158,1.43
1050,2015,BW,Bradley Woods,-81.94492,41.41977,Beech - Mixed Hardwood (Hemlock) Forest,0.087345056,0.192274431,3.5,20.5,3.5,0.25,3.36,0.14,23.5,4.1,0.91,268.34,12.67162,5.85
1051,2015,MS,Mill Stream Run,-81.80437,41.30559,Beech - Mixed Hardwood (Hemlock) Forest,0,0,1.25,22.5,0,0,3.78,0.23,16.3,4.5,2.54,354.13,11.2528,2.86
1052,2015,OE,Ohio and Erie Canal,-81.64437,41.4183,Bottomland Forest,0,0.231818182,0.25,13.5,1,0.25,2.47,0.14,17.2,7.4,10.33,29.25,9.45259,3.315
1053,2015,HI,Hinckley,-81.70454,41.21583,Sugar Maple - Mixed Hardwood Forest,0.083649534,0.125982139,1.5,11.75,1.5,0,2.05,0.1,20.3,7.2,1.1,299.34,11.48578,4.55
1054,2015,RR,Rocky River,-81.85876,41.41938,Bottomland Forest,0.002997722,0.025540589,0.25,12.75,2.5,0.25,5.86,0.39,15.1,6.4,0.84,12.56,13.25504,6.695
1055,2015,SC,South Chagrin,-81.47318,41.41079,Ruderal Wet-Mesic Shrubland and Thicket,0,0.977156566,2,26.5,4.5,0,4.94,0.2,24.9,4.9,2.26,292.86,11.49724,5.135
1057,2015,BR,Brecksville,-81.60748,41.31774,Sugar Maple - Mixed Hardwood Forest,0.055076189,0.355425005,1,16.75,1.25,0,3.73,0.21,17.5,5.8,9.75,18.57,7.83881,2.86
1058,2015,RR,Rocky River,-81.85524,41.42507,Bottomland Forest,0,0.250238366,1.25,25,7.75,0.75,4.13,0.23,17.7,6.8,2.89,278.49,11.19806,5.72
1059,2015,BE,Bedford,-81.57111,41.35205,Wet Meadow and Marsh,0,0.911292469,1,0,0,0,2.15,0.14,15.1,5.9,2.61,265.38,9.86913,55.055
1060,2015,SC,South Chagrin,-81.42509,41.42344,Beech - Mixed Hardwood (Hemlock) Forest,0.189294684,0.018699507,0,20.25,2.75,0.75,6.32,0.35,18.3,4.6,17.46,26.19,7.72035,1.56
1061,2015,BR,Brecksville,-81.59682,41.3046,Oak - Mixed Hardwood,0.08800816,0.234251299,0.25,18.5,1.5,0.25,4.35,0.28,15.8,4.6,5.63,319.1,9.91617,0.585
1063,2015,BE,Bedford,-81.5435,41.37847,Dry-Mesic Meadow,0,0.988442625,0,0,0,0,4.19,0.23,18.5,5.6,5.26,124.44,11.86531,0
1064,2015,SC,South Chagrin,-81.42733,41.41441,Oak - Mixed Hardwood,0.233523612,0.00778412,2.75,24.75,1.25,0.25,4.54,0.27,17,3.7,6.82,355.35,8.41752,2.275
1065,2015,NC,North Chagrin,-81.41969,41.5704,Ruderal Wet-Mesic Shrubland and Thicket,0.002204343,0.808736544,0.75,13.5,4,0.25,4.23,0.25,16.9,5.4,2.68,55.94,12.2741,35.685
1066,2015,HI,Hinckley,-81.72507,41.21209,Sugar Maple - Mixed Hardwood Forest,0.178757154,0.10493594,0.75,29,2.5,0,3.31,0.23,14.1,4.4,5.56,71.64,8.50143,3.445
1067,2015,MS,Mill Stream Run,-81.84715,41.3447,Wet-Mesic Red Maple,0,0.213930348,0.5,28.75,2.5,0,3.3,0.2,16.2,4.7,0.02,133.15,12.00889,2.73
1068,2015,BE,Bedford,-81.5406,41.38706,Beech - Mixed Hardwood (Hemlock) Forest,0.394362133,0.108948743,1.75,16.25,4.5,0.25,3.29,0.2,16.6,5.8,1.67,46,11.26645,22.815
1069,2015,HI,Hinckley,-81.69182,41.25361,Sugar Maple - Mixed Hardwood Forest,0.1064645,0.298294729,1.75,10.25,12,0,2.28,0.18,13,5.6,4.15,182.42,12.6017,45.435
1070,2015,BW,Bradley Woods,-81.96832,41.41043,Wet-Mesic Red Maple,0.08502598,0.030420406,3,37,7,0.5,6.53,0.37,17.7,4,0.38,356.02,15.20345,3.9
1071,2015,MS,Mill Stream Run,-81.794,41.3124,Bottomland Forest,0.026542409,0.381148991,0.5,7.5,5,0,4.57,0.31,14.8,5.8,0.4,127.98,13.15322,8.32
1072,2015,WC,West Creek,-81.69099,41.39172,Wet-Mesic Red Maple,0.000309558,0.390790662,0.25,11.875,0.375,0,4.74,0.25,19,4.3,3.94,116.14,11.07257,3.2175
1073,2015,HI,Hinckley,-81.70248,41.22686,Ruderal Wet-Mesic Shrubland and Thicket,0,0.884908725,0.5,14.25,1,0.25,2.94,0.2,14.6,6.1,26.46,225.08,8.61473,3.12
1074,2015,RR,Rocky River,-81.87908,41.39828,Sugar Maple - Mixed Hardwood Forest,0,0.673015873,0,11,1,0,3.51,0.19,18.1,4.4,25.75,267.97,8.21674,5.98
1075,2015,SC,South Chagrin,-81.48324,41.38291,Sugar Maple - Mixed Hardwood Forest,0.056557532,0.624018098,0.333333333,13,1.333333333,0.333333333,3.82,0.23,16.7,5.2,5.84,15.8,10.37026,1.82
1076,2015,NC,North Chagrin,-81.42065,41.56741,Wet-Mesic Red Maple,0.003507305,0.652671544,0,5.5,4.5,0.25,4.16,0.29,14.4,5.5,2.11,33.71,12.20737,24.7
1077,2015,BR,Brecksville,-81.75613,41.3049,Beech - Mixed Hardwood (Hemlock) Forest,0.013473155,0.704982822,0,22.5,3.25,1,3.51,0.22,15.7,5.1,9.05,133.29,8.91472,5.2
1078,2015,BC,Big Creek,-81.82869,41.36795,Ruderal Wet-Mesic Shrubland and Thicket,0.135445616,0.608652467,0,7,4.75,0,5.27,0.37,14.2,5.6,3.74,209.85,11.81633,33.995
1080,2015,SC,South Chagrin,-81.41015,41.44186,Ruderal Wet-Mesic Shrubland and Thicket,0,0.631017897,0.75,18.5,1.75,0.5,4.74,0.31,15.3,5.4,0.66,143.45,13.88468,4.03
1081,2015,NC,North Chagrin,-81.43044,41.57407,Beech - Mixed Hardwood (Hemlock) Forest,0.028422813,0.55842467,1.25,10.25,0.75,0,4.78,0.28,17,4.5,2.09,337,10.78463,6.825
1082,2015,HI,Hinckley,-81.70123,41.2087,Sugar Maple - Mixed Hardwood Forest,0.016090105,0.467882363,0,11.25,4.25,0,3.12,0.24,13.1,6,15.6,243.18,6.77816,9.49
1083,2015,MS,Mill Stream Run,-81.80569,41.29954,Wet-Mesic Red Maple,0,0.217188062,0.75,17.25,1,0,2.95,0.17,17.7,4.5,2.74,124.12,11.84236,9.1
1086,2015,RR,Rocky River,-81.82507,41.46979,Bottomland Forest,0.0433213,0.114620939,0.75,10.25,0.75,0.25,2.3,0.16,14,6.2,0.12,184.11,12.32335,2.6
1087,2015,MS,Mill Stream Run,-81.77397,41.29959,Beech - Mixed Hardwood (Hemlock) Forest,0.089552239,0.064383963,0.5,10.25,0.75,0.25,4.17,0.24,17.2,4.2,23.92,9.73,6.36826,0.78
1088,2015,BK,Brookside,-81.73453,41.44709,Dry-Mesic Meadow,0.026856175,0.453580135,0,0,0,0,3.87,0.2,19.3,7.7,1.62,276.49,13.27546,99.84
1089,2015,BR,Brecksville,-81.6077,41.31165,Beech - Mixed Hardwood (Hemlock) Forest,0.183286126,0.09669905,0.5,13.5,2,0,3.72,0.17,21.8,4.6,28.72,311.81,6.89181,1.3
1090,2015,RR,Rocky River,-81.89098,41.40411,Sugar Maple - Mixed Hardwood Forest,0.047540598,0.551973013,0,12,2.75,0.5,2.35,0.17,14.1,4.2,3.05,198.3,9.80326,1.365
1091,2015,BE,Bedford,-81.50464,41.37995,Sugar Maple - Mixed Hardwood Forest,0.017665244,0.107757986,0.75,18.25,0.75,0.25,4.53,0.29,15.5,4.9,2.81,345.59,11.1021,4.875
1092,2015,NC,North Chagrin,-81.42676,41.55824,Oak - Mixed Hardwood,0.064516129,0.471694082,2.25,21.25,1,0,4.35,0.25,17.2,4.5,2.87,197.83,10.42613,0.65
1093,2015,BR,Brecksville,-81.58172,41.28979,Wet-Mesic Red Maple,0.092362345,0.454706927,0.5,27.25,1.25,0,3.05,0.18,16.6,4.6,1.44,76.95,10.31012,0.91
1094,2015,RR,Rocky River,-81.83196,41.43916,Sugar Maple - Mixed Hardwood Forest,0,0.437514023,0,13,1.5,0.25,3.31,0.17,19.4,7.6,19.64,332.71,6.89533,4.68
1097,2015,NC,North Chagrin,-81.431,41.57827,Beech - Mixed Hardwood (Hemlock) Forest,0.055348939,0.307153796,0.75,20.25,1.5,0,5.38,0.28,19.5,4.2,6.93,41.67,9.97309,6.175
1098,2015,HI,Hinckley,-81.6964,41.20398,Ruderal (Standing Dead) Thicket and Forest,0.003378269,0.228444589,1,9.5,2.75,0,1.29,0.1,13.6,6.4,3.97,210.89,11.79232,2.015
1099,2015,MS,Mill Stream Run,-81.81747,41.31774,Oak - Mixed Hardwood,0.057164207,0.417336073,0,19,3.75,0,4.67,0.2,23.2,4.1,11.99,326.94,7.70744,6.5
1100,2015,NC,North Chagrin,-81.43801,41.56174,Wet-Mesic Red Maple,0.000747384,0.861235675,1,21,8.25,0,6.11,0.28,21.9,4.2,4.53,164.16,12.21229,4.55
1101,2016,HI,Hinckley,-81.69864,41.21928,Sugar Maple - Mixed Hardwood Forest,0.025676038,0.358469679,0.5,8.25,0.75,0.5,3.1,0.234,13.1,4.6,0.76,114.65,12.93481,1.625
1102,2016,RR,Rocky River,-81.83067,41.46615,Sugar Maple - Mixed Hardwood Forest,0.024861685,0.479305273,0.75,27,2.75,1.25,4.6,0.38,12.2,6.4,18.86,202.91,7.60425,2.015
1103,2016,MS,Mill Stream Run,-81.7821,41.29571,Sugar Maple - Mixed Hardwood Forest,0.042271382,0.587008595,0.75,15.5,5.75,0,3,0.174,17.3,5.5,1.96,4.12,11.67667,0.65
1104,2016,NC,North Chagrin,-81.40914,41.53256,Ruderal Wet-Mesic Shrubland and Thicket,0.002998006,0.863500772,0.25,7,2,0,2.7,0.243,11,6.1,1.55,99.87,14.4309,1.43
1105,2016,BR,Brecksville,-81.59961,41.30434,Oak - Mixed Hardwood,0.170685279,0.177203507,0.5,15.25,1.75,0,5,0.282,17.7,4.3,3.75,318.53,10.78775,0.455
1106,2016,RR,Rocky River,-81.84531,41.44261,Dry-Mesic Meadow,0,0.583803099,1,0,0,0,3.4,0.365,9.2,5.3,0.8,184.56,13.83049,99.84
1107,2016,BE,Bedford,-81.57993,41.35269,Dry-Mesic Meadow,0,0.788064269,3,3,0,0,0.8,0.093,8.7,7.1,3.02,262.85,11.43862,48.88
1108,2016,SC,South Chagrin,-81.40716,41.45249,Bottomland Forest,0.070169864,0.797434166,1.5,2.5,0.5,0,2.9,0.26,11.2,7.3,1.68,139.97,13.57213,12.155
1110,2016,RR,Rocky River,-81.87167,41.3909,Sugar Maple - Mixed Hardwood Forest,0,0.138987289,2,22,3,0,4.2,0.36,11.8,3.9,0.28,17.6,12.60899,1.04
1111,2016,BE,Bedford,-81.55406,41.3695,Wet-Mesic Red Maple,0.079978672,0.399893362,0,27.25,3.75,0,3,0.194,15.2,4.4,5.82,287.4,8.27724,0.26
1112,2016,SC,South Chagrin,-81.42015,41.41892,Wet-Mesic Red Maple,0.04956493,0.461559643,0.5,11,3,0.25,2.6,0.23,11.1,6.3,7.04,64.58,12.15728,0.65
1113,2016,NC,North Chagrin,-81.4248,41.58612,Oak - Mixed Hardwood,0.169555388,0.170685757,1.75,20.5,1,0,3,0.263,11.2,4.4,2.37,263.1,10.20415,1.235
1114,2016,BW,Bradley Woods,-81.94657,41.41419,Beech - Mixed Hardwood (Hemlock) Forest,0,0.469809069,3,26.75,2.75,0,4.5,0.396,11.4,4,0.7,261.3,14.00971,13.26
1115,2016,MS,Mill Stream Run,-81.81107,41.32073,Beech - Mixed Hardwood (Hemlock) Forest,0.047977422,0.101599247,0,14.5,1.25,0,3.6,0.337,10.7,4.1,10.94,129.19,10.08742,0.065
1116,2016,OE,Ohio and Erie Canal,-81.66585,41.43114,Wet Meadow and Marsh,0.010380623,0.650519031,1,31,0,0,3.8,0.374,10.1,5.7,1.09,19.21,13.48967,52.65
1117,2016,HI,Hinckley,-81.7002,41.21517,Beech - Mixed Hardwood (Hemlock) Forest,0.105351171,0.109113712,2,16,2.5,0,3,0.321,9.4,4.4,7.03,226.53,9.84957,0.65
1119,2016,SC,South Chagrin,-81.46086,41.41323,Wet Meadow and Marsh,0,0.968385919,0,0.5,0,0,3.5,0.313,11.3,3.9,5.95,210.7,8.7562,33.02
1122,2016,BC,Big Creek,-81.83254,41.35476,Wet-Mesic Red Maple,0.05181377,0.44101578,0.5,28.25,1.25,0,3.1,0.269,11.6,4.6,0.58,200.77,10.27385,3.64
1123,2016,BE,Bedford,-81.57014,41.35466,Wet Meadow and Marsh,0.001963698,0.978360051,1.5,0.25,0,0,2.6,0.256,10,5.1,1.38,284.35,13.44437,99.84
1124,2016,SC,South Chagrin,-81.41714,41.43468,Ruderal Wet-Mesic Shrubland and Thicket,0.00020585,0.878394373,0.25,20,0.5,0,3.2,0.255,12.5,4.9,1.38,297.37,12.31285,4.42
1125,2016,BR,Brecksville,-81.59442,41.31428,Sugar Maple - Mixed Hardwood Forest,0,0.55700682,0,26,1.75,0,3.7,0.326,11.4,5.1,11.34,347.62,9.81618,0.52
1126,2016,MS,Mill Stream Run,-81.83667,41.35075,Wet-Mesic Red Maple,0.045945325,0.593728463,1.75,38.5,2.75,0,3.5,0.273,12.7,5.1,0.12,348.89,14.58043,0.585
1127,2016,BE,Bedford,-81.5519,41.38357,Beech - Mixed Hardwood (Hemlock) Forest,0.139013008,0.045576408,0.75,20.5,1.25,0.5,3.4,0.207,16.5,4.3,1.66,350.29,7.65116,1.17
1128,2016,SC,South Chagrin,-81.43421,41.41417,Oak - Mixed Hardwood,0.210431384,0.257628138,0.25,14,1,0.25,3.7,0.312,11.7,4.2,17.91,5.42,7.52303,0
1129,2016,NC,North Chagrin,-81.42603,41.57619,Oak - Mixed Hardwood,0.667336258,0.064069356,1.25,14.5,2.25,0,3,0.206,14.4,4.2,3.65,91.52,8.25036,0.195
1131,2016,MS,Mill Stream Run,-81.83716,41.33519,Sugar Maple - Mixed Hardwood Forest,0,0.188819876,0,22.25,2.25,1,3.7,0.37,10,4.2,17.04,343.79,7.05445,1.43
1132,2016,BE,Bedford,-81.54099,41.38888,Oak - Mixed Hardwood,0.068073519,0.301452235,0,15.5,1.5,0,9.5,0.752,12.6,5.9,18.23,237.96,8.61999,2.73
1133,2016,HI,Hinckley,-81.72224,41.21978,Dry-Mesic Meadow,0.001255961,0.780520889,1.75,0,0,0,3.1,0.269,11.6,5.8,1.25,151.98,13.4561,99.84
1134,2016,BW,Bradley Woods,-81.95873,41.42271,Wet-Mesic Red Maple,0,0.867277354,2.75,21,0.75,0,2.8,0.159,17.9,5.5,1.32,321.36,12.58281,7.605
1135,2016,MS,Mill Stream Run,-81.79389,41.30794,Wet-Mesic Red Maple,0.012427073,0.149145382,2.25,28,1.75,0,3.8,0.328,11.5,4.8,5.6,242.62,7.04511,0.715
1136,2015,WC,West Creek,-81.69235,41.38466,Wet-Mesic Red Maple,0.141242938,0.002824859,0.25,22.125,0.625,0,5.67,0.22,26.4,4,15.68,243.2,7.01076,1.235
1138,2016,RR,Rocky River,-81.8881,41.3948,Bottomland Forest,0.002834226,0.75194853,0.5,2.25,0.5,0,2.6,0.236,10.8,5.3,0.57,38.02,13.86412,56.94
1140,2016,NC,North Chagrin,-81.42417,41.55653,Oak - Mixed Hardwood,0.164024057,0.138873701,3.5,20.25,2.75,0,5.9,0.466,12.7,3.7,4.54,98.35,8.91475,1.3
1141,2016,BR,Brecksville,-81.57743,41.28949,Ruderal Wet-Mesic Shrubland and Thicket,0.018281164,0.862769393,0.25,8.25,0,0,5.3,0.514,10.4,5.3,1.39,23.93,13.83025,35.945
1143,2016,BE,Bedford,-81.57004,41.37996,Oak - Mixed Hardwood,0.059209881,0.162827174,0,28.5,1.25,0,3.6,0.263,13.7,6.1,10.94,9.47,6.65939,0.13
1144,2016,SC,South Chagrin,-81.40151,41.43963,Beech - Mixed Hardwood (Hemlock) Forest,0.052074293,0.270612741,1.5,22.5,1.75,0,3.4,0.213,15.8,4.7,11.69,334.81,9.62167,0.325
1145,2016,NC,North Chagrin,-81.42487,41.58353,Beech - Mixed Hardwood (Hemlock) Forest,0.082348331,0.164566055,0.5,7.25,0,0.75,4.8,0.319,14.9,4.9,25.94,35.05,7.09032,2.08
1146,2016,HI,Hinckley,-81.71417,41.2065,Sugar Maple - Mixed Hardwood Forest,0,0.179257362,0.75,20.5,1.75,0.25,3.2,0.302,10.4,5.1,8.84,142.96,9.38846,0.13
1147,2016,MS,Mill Stream Run,-81.79859,41.29803,Beech - Mixed Hardwood (Hemlock) Forest,0.057475582,0.114951165,1,19,1,0,4.1,0.307,13.2,4.1,0.55,301.58,12.94153,0.78
1148,2016,EC,Euclid Creek,-81.52927,41.55127,Wet-Mesic Red Maple,0,0.644840822,1,16.25,0.25,0,8.5,0.549,15.4,6.8,19.47,53.32,8.8126,0.78
1149,2016,HI,Hinckley,-81.69746,41.22356,Sugar Maple - Mixed Hardwood Forest,0,0.294117647,0.75,16.25,1.5,0.25,3.4,0.286,11.8,4.9,5.29,57.22,11.26901,0.065
1150,2016,RR,Rocky River,-81.82706,41.47685,Sugar Maple - Mixed Hardwood Forest,0,0.554824561,1,14.25,2.25,0.5,4.4,0.334,13,4.6,18.43,37.39,7.46269,0.13
1151,2016,MS,Mill Stream Run,-81.78927,41.29711,Sugar Maple - Mixed Hardwood Forest,0.004713276,0.358208955,0.5,15.75,1.25,0,3.2,0.359,9,4.8,5.79,288.33,12.58586,0.195
1153,2016,BR,Brecksville,-81.60925,41.31002,Beech - Mixed Hardwood (Hemlock) Forest,0.149812734,0.200249688,1,7.75,2,0.75,2.4,0.247,9.9,4.6,20.02,122.72,7.17033,5.98
1154,2016,RR,Rocky River,-81.84174,41.43103,Sugar Maple - Mixed Hardwood Forest,0.021809062,0.052341748,0,10.75,2.75,1.5,7.3,0.599,12.1,5.8,9.24,351.63,9.5291,0.65
1155,2016,BE,Bedford,-81.50477,41.37782,Oak - Mixed Hardwood,0,0.237440962,0.25,28.25,0.25,0,4,0.287,13.9,4.8,6.73,267.41,9.14723,0.52
1156,2016,NC,North Chagrin,-81.41343,41.54275,Bottomland Forest,0,0.962865354,1.75,8,0.5,0,2.8,0.243,11.7,6.9,0.53,17.18,12.79293,16.12
1157,2016,BR,Brecksville,-81.58851,41.29049,Oak - Mixed Hardwood,0.142510121,0.192442645,0,20,0.5,0,3.1,0.24,13.1,4.6,1.11,98.61,10.25924,0.975
1159,2016,BE,Bedford,-81.56056,41.37484,Oak - Mixed Hardwood,0.010911252,0.466861125,1.5,16.75,2,0,3.2,0.276,11.6,4.8,2.56,4.09,11.65653,4.03
1161,2016,NC,North Chagrin,-81.43491,41.57983,Wet-Mesic Red Maple,0.104712042,0.291623037,3.25,23,4.75,0.25,5.8,0.344,16.9,3.8,0.65,268.3,14.88004,1.755
1162,2016,HI,Hinckley,-81.6862,41.20768,Ruderal Wet-Mesic Shrubland and Thicket,0.477399404,0.281107633,1,7.25,3.75,1.25,4,0.313,12.8,7.4,1.97,279.85,11.84601,5.59
1164,2016,GP,Garfield Park,-81.60572,41.43237,Ruderal Wet-Mesic Shrubland and Thicket,0,0.601134838,1,17.5,3.5,0.5,5.9,0.529,11.2,7.3,12.42,53.91,8.29007,4.29
1166,2016,RR,Rocky River,-81.87435,41.41386,Bottomland Forest,0.051948052,0.25974026,1.5,21.25,2.75,0.25,4.1,0.354,11.5,6.7,1.75,298.54,12.74769,1.235
1167,2016,MS,Mill Stream Run,-81.78931,41.2929,Ruderal Wet-Mesic Shrubland and Thicket,0.003714768,0.934935843,1,7.25,0,0,3,0.255,11.6,5.2,2.05,51.8,11.5678,14.04
1168,2016,NC,North Chagrin,-81.41203,41.52802,Bottomland Forest,0.005393598,0.545468029,0.5,7.25,1.25,0.5,0.8,0.075,10.8,7.1,0.55,237.75,13.70911,9.36
1169,2016,BR,Brecksville,-81.61401,41.32252,Sugar Maple - Mixed Hardwood Forest,0.045172219,0.339243365,0.25,13,1,0,9,0.678,13.3,6.5,30.69,179.85,7.58907,3.12
1171,2016,BE,Bedford,-81.58605,41.35514,Sugar Maple - Mixed Hardwood Forest,0.094694479,0.31746324,1,19.25,2.75,0,3.5,0.31,11.2,5.5,5.1,96.97,8.08567,2.34
1173,2016,BR,Brecksville,-81.59253,41.31765,Ruderal Wet-Mesic Shrubland and Thicket,0,0.927745079,4.25,15.25,3,0.5,0.8,0.094,8,7.4,3.75,8.31,12.94869,5.72
1174,2016,RR,Rocky River,-81.86871,41.38985,Ruderal Wet-Mesic Shrubland and Thicket,0.005153311,0.353001804,0.25,18.5,5,0.25,4,0.39,10.3,6.6,4.01,295.69,9.24474,8.97
1175,2016,BE,Bedford,-81.55584,41.37352,Beech - Mixed Hardwood (Hemlock) Forest,0.08783487,0.374176548,0.5,19.25,5,0,3.9,0.349,11.3,4.3,5.12,318.13,10.24816,0
1176,2016,SC,South Chagrin,-81.42776,41.41706,Beech - Mixed Hardwood (Hemlock) Forest,0.134852631,0.049706159,1.75,36,7.25,1.25,6,0.427,14,3.9,6.94,329.49,8.70548,0.78
1177,2016,NC,North Chagrin,-81.41565,41.57114,Ruderal Wet-Mesic Shrubland and Thicket,0,0.735136343,0,17.25,1.25,0,1.6,0.146,10.7,5.4,2.74,354.55,11.33882,3.445
1178,2016,BW,Bradley Woods,-81.96749,41.40593,Wet-Mesic Red Maple,0.100446429,0.067633929,2.75,30.5,2.25,0,7.9,0.607,13.1,3.8,0.77,154.96,14.11327,0
1179,2016,MS,Mill Stream Run,-81.81235,41.32454,Bottomland Forest,0.008879242,0.552959747,2.25,15,3.5,0.5,2.5,0.297,8.4,5.6,1.19,4.12,13.28228,1.365
1180,2016,OE,Ohio and Erie Canal,-81.66817,41.42994,Wet Meadow and Marsh,0.005689253,0.923081299,0,16,0.75,0,2.7,0.257,10.6,6.6,2.24,293.6,11.43615,0.13
1182,2016,RR,Rocky River,-81.88283,41.41235,Oak - Mixed Hardwood,0.063511831,0.250311333,0.25,13.25,0,0,3.8,0.354,10.6,4.3,1.87,345.45,10.26244,0
1183,2016,SC,South Chagrin,-81.46382,41.41385,Sugar Maple - Mixed Hardwood Forest,0,0.526031675,1.25,19,1.75,0,3.9,0.31,12.5,4,4.98,196.76,8.08597,0.585
1184,2016,NC,North Chagrin,-81.43601,41.56814,Wet-Mesic Red Maple,0,0.25591031,2,17.25,1.75,0.25,7.5,0.546,13.7,4.2,0.41,1.43,14.34074,0.585
1187,2016,BE,Bedford,-81.56585,41.35858,Wet-Mesic Red Maple,0.042464562,0.655167533,2.25,22.25,5.5,0.5,3.5,0.263,13.5,4.2,2.71,35.33,10.37212,3.315
1188,2016,SC,South Chagrin,-81.41765,41.43235,Dry-Mesic Meadow,0.001115216,0.934373844,0.75,0.5,0,0,2.3,0.219,10.3,5,0.09,191.62,13.37818,85.8
1189,2016,BR,Brecksville,-81.58905,41.30574,Sugar Maple - Mixed Hardwood Forest,0.089774282,0.265128035,2.25,8.5,1.75,0,3.1,0.288,10.9,5.8,3.43,352.89,11.31778,7.02
1190,2016,MS,Mill Stream Run,-81.84475,41.35514,Bottomland Forest,0.032531408,0.77455734,2.75,12.25,4.75,0.25,4.1,0.454,8.9,5.5,7.82,254.63,11.5865,60.4825
1191,2016,BE,Bedford,-81.55486,41.38575,Sugar Maple - Mixed Hardwood Forest,0.046468401,0.364622057,0.5,19.25,2.75,0.25,5.1,0.423,12.1,4.7,2.69,123.5,10.72026,3.64
1192,2016,SC,South Chagrin,-81.43392,41.41889,Beech - Mixed Hardwood (Hemlock) Forest,0.034925347,0.187985681,1,12.5,0.75,0,3.9,0.273,14.4,5.4,20.16,173.31,8.34435,2.99
1194,2016,HI,Hinckley,-81.71863,41.20401,Wet-Mesic Red Maple,0,0.564371257,0,36.25,1.25,0,3,0.243,12.2,5.1,6.1,4.88,7.88416,3.8675
1195,2016,HU,Huntington,-81.93641,41.48762,Wet-Mesic Red Maple,0,0.829813786,1.25,18.75,3,0.5,4.1,0.346,11.9,5.9,7.15,310.72,10.92239,3.3475
1196,2016,BE,Bedford,-81.5368,41.38266,Wet-Mesic Red Maple,0.054861657,0.656017409,1.75,37.25,1.75,0,5.5,0.461,12,5,1.96,344.11,11.37919,4.1925
1197,2016,HI,Hinckley,-81.72663,41.21344,Beech - Mixed Hardwood (Hemlock) Forest,0.092109303,0.139085048,2,9,1.75,0,3.2,0.281,11.4,4.9,5.65,34.73,9.79289,2.015
1198,2016,BW,Bradley Woods,-81.96962,41.43784,Wet-Mesic Red Maple,0,0.763373191,2.5,22.5,1.5,0,3.2,0.256,12.7,5.4,0.38,282.62,14.05925,3.315
1199,2016,MS,Mill Stream Run,-81.79028,41.30526,Sugar Maple - Mixed Hardwood Forest,0.279594541,0.179143236,1.5,15.75,2.25,0.25,4.5,0.421,10.7,4.9,11.04,94.48,9.69437,3.1525
1200,2016,BK,Brookside,-81.71295,41.44497,Oak - Mixed Hardwood,0.489457831,0.001129518,0.75,13.75,0.5,0,15.1,4.3,0.285,4.2,23.1,323.3,5.8821,2.665
1201,2017,BR,Brecksville,-81.61924,41.31461,Wet-Mesic Red Maple,0.020879101,0.695625302,0.25,18.5,2.25,0,14.9,3.3,0.222,6.2,3.3,177.86,9.01558,7.995
1204,2017,NC,North Chagrin,-81.41706,41.55966,Wet Meadow and Marsh,0.151472651,0.040673212,4,3.25,5.5,0,10.1,2.4,0.235,4.5,0.63,272.72,13.26261,99.8075
1205,2017,BR,Brecksville,-81.58927,41.28524,Wet Meadow and Marsh,0.003665017,0.831409199,3,0.25,0,0,12.3,3.2,0.264,5.4,1.47,101.04,8.46008,96.9475
1206,2017,RR,Rocky River,-81.82822,41.44907,Sugar Maple - Mixed Hardwood Forest,0.067400584,0.730397663,0,20,1.5,0,12.6,3.3,0.263,4.4,24.02,73.78,6.14232,0.5525
1207,2017,BE,Bedford,-81.55997,41.36217,Dry-Mesic Meadow,0,0.93875389,0,0,0,0,13.8,3.7,0.264,7.3,2.05,202.34,7.32728,95.615
1208,2017,SC,South Chagrin,-81.40211,41.43795,Sugar Maple - Mixed Hardwood Forest,0.016579013,0.649022299,0,23.5,1.5,0,14.7,4.2,0.284,5,8.26,281.67,8.6704,1.6575
1209,2017,NC,North Chagrin,-81.42573,41.57985,Oak - Mixed Hardwood,0.086906141,0.232329085,1,16.75,3.25,0.5,14.1,4.2,0.297,4.6,2.4,136.15,10.61722,2.21
1210,2017,HI,Hinckley,-81.71303,41.20594,Sugar Maple - Mixed Hardwood Forest,0,0.409638554,0.25,27.5,1.25,0,12.3,3.1,0.249,5,2.89,70.38,10.67868,2.275
1211,2017,MS,Mill Stream Run,-81.81908,41.32306,Wet-Mesic Red Maple,0.059441252,0.417079453,0.5,25.5,2,0,12.3,3.4,0.279,3.9,0.04,186.89,13.81898,3.4775
1212,2017,EC,Euclid Creek,-81.5341,41.55911,Wet-Mesic Red Maple,0.017800985,0.64083546,1.5,11.5,0,0,11.7,3.1,0.268,6.2,2.6,51.48,11.91247,11.375
1213,2017,HI,Hinckley,-81.68613,41.21569,Dry-Mesic Meadow,0.039870778,0.819048009,1.75,0,0,0,12.4,3.2,0.261,5.9,5.26,147.35,9.71167,99.255
1215,2017,MS,Mill Stream Run,-81.79561,41.29944,Sugar Maple - Mixed Hardwood Forest,0,0.457075616,0.5,29.5,1,0,13.4,3.7,0.276,4.3,4.38,73.64,11.27848,1.9175
1216,2017,BR,Brecksville,-81.61985,41.37006,Sugar Maple - Mixed Hardwood Forest,0.014034103,0.519261806,0.5,19.75,3.5,0.5,11.8,3.7,0.314,5.2,6.26,138.21,10.92764,9.5875
1217,2017,BR,Brecksville,-81.60999,41.30235,Wet-Mesic Red Maple,0,0.428571429,3.5,14.5,2.5,0,13.8,2.8,0.206,4,4.05,9.82,9.87103,2.08
1218,2017,RR,Rocky River,-81.85329,41.42996,Sugar Maple - Mixed Hardwood Forest,0.112903226,0.161290323,0.5,10,1.75,0.25,11.3,3,0.268,5.7,0.72,350.73,11.79414,2.86
1219,2017,BE,Bedford,-81.51543,41.38079,Wet-Mesic Red Maple,0.037650602,0.471385542,0.5,22.25,2.75,0,14.2,4.8,0.334,4.3,1.13,337.37,8.90978,2.34
1220,2017,NC,North Chagrin,-81.41535,41.544009,Dry-Mesic Meadow,0,0.853314657,1.75,10.75,2.75,0.25,6.9,0.4,0.059,6.7,11.19,259.55,10.38093,42.8675
1221,2017,BR,Brecksville,-81.59135,41.29065,Oak - Mixed Hardwood,0.082552037,0.280382098,1.5,22.5,2.25,0.5,14.9,2.6,0.175,5,15.42,267.06,7.2357,2.405
1222,2017,RR,Rocky River,-81.88471,41.39321,Sugar Maple - Mixed Hardwood Forest,0.026450828,0.740781886,1.25,9,3.5,0.75,11,1.8,0.163,6.6,0.55,177.34,10.09675,9.0675
1223,2017,BE,Bedford,-81.56194,41.37124,Wet-Mesic Red Maple,0,0.652211622,0.5,33,2.25,0,14.1,3.6,0.255,4.8,3.37,234.27,12.10764,1.5925
1224,2017,SC,South Chagrin,-81.41545,41.41759,Oak - Mixed Hardwood,0.1,0.366666667,0.25,13.5,2.25,0,11.3,2.7,0.237,4.8,9.88,142.15,8.40596,1.885
1226,2017,BW,Bradley Woods,-81.95296,41.40802,Wet-Mesic Red Maple,0,0.688,1.75,19.75,2.5,0.25,12.3,3.7,0.298,5.2,0.41,276.28,14.28138,3.64
1229,2017,HI,Hinckley,-81.70977,41.22605,Oak - Mixed Hardwood,0,0.475888325,1,24.25,2.25,0.25,12.4,3.9,0.318,5.3,1.72,265.02,11.62097,1.43
1230,2017,RR,Rocky River,-81.85859,41.42117,Wet Meadow and Marsh,0.005507518,0.928292119,1,21.5,0.5,0,12.8,4.4,0.341,5.8,1.11,49.95,13.16741,7.475
1231,2017,SC,South Chagrin,-81.45687,41.41492,Wet-Mesic Red Maple,0.007616533,0.804153549,0.75,32,1.5,0,14.7,3.4,0.229,5.7,0.99,25.06,11.10958,1.495
1232,2017,NC,North Chagrin,-81.41906,41.5524,Sugar Maple - Mixed Hardwood Forest,0.004425475,0.487874198,0,13.75,3.75,0,11.9,5.4,0.453,6.5,8.95,31.55,8.92199,10.01
1233,2017,BR,Brecksville,-81.61209,41.31934,Oak - Mixed Hardwood,0.057692308,0.394230769,0.25,6,2.25,1.25,13.7,3.9,0.287,5.6,2.41,165.67,10.71394,1.105
1235,2017,BR,Brecksville,-81.59509,41.34188,Wet Meadow and Marsh,0.015125073,0.838278069,0,1.25,0,0,12.3,4.1,0.329,5.8,0.87,122.39,12.33105,93.6325
1236,2017,SC,South Chagrin,-81.41928,41.42325,Sugar Maple - Mixed Hardwood Forest,0.042541123,0.36174135,1.5,11.5,2.5,1,11.7,1.9,0.163,7.1,9.35,339.32,11.375,2.925
1237,2017,BR,Brecksville,-81.59824,41.30669,Beech - Mixed Hardwood (Hemlock) Forest,0.123667377,0.268656716,0.5,15,2.75,0.25,11.8,3,0.25,6.5,25.14,91.72,6.98576,2.21
1238,2017,RR,Rocky River,-81.86656,41.38535,Beech - Mixed Hardwood (Hemlock) Forest,0.17626322,0.411280846,2,18,8,0,17.2,5.9,0.341,4,10.02,22.2,8.6367,1.43
1240,2017,SC,South Chagrin,-81.4238,41.41478,Oak - Mixed Hardwood,0.057971014,0.202898551,0.75,17.25,1.75,0,16.4,4.6,0.28,4.9,2.59,47.32,10.08592,0.975
1241,2017,HI,Hinckley,-81.69456,41.26159,Ruderal Wet-Mesic Shrubland and Thicket,0.025843503,0.842785355,1.5,12.25,4.25,0,15.3,4.3,0.284,6.3,1.15,109.84,12.7957,34.0925
1242,2017,BW,Bradley Woods,-81.96624,41.4176,Sugar Maple - Mixed Hardwood Forest,0.048046124,0.243113389,2.25,26.75,2.75,0,13.8,6.4,0.462,4.2,0.95,100.29,11.8273,0.6825
1243,2017,BR,Brecksville,-81.75891,41.30612,Beech - Mixed Hardwood (Hemlock) Forest,0.02528445,0.36687737,2.75,25.75,2.25,0,13.1,3.6,0.275,5,1.32,96.67,12.05425,1.2675
1245,2017,HI,Hinckley,-81.71053,41.21436,Dry-Mesic Meadow,0.001995383,0.264290465,0,0,0,0,12.2,3.8,0.31,6,1.87,63.68,10.79097,99.6775
1246,2017,RR,Rocky River,-81.88512,41.41335,Wet Meadow and Marsh,0,0.686802974,1.75,18.75,2.75,0,11.2,4.6,0.416,7.5,0.01,297.26,12.78853,8.71
1248,2017,NC,North Chagrin,-81.42982,41.56488,Beech - Mixed Hardwood (Hemlock) Forest,0.075452716,0.152414487,1.75,18.5,0.5,0,13,5.2,0.403,4.1,1.96,126.32,12.2207,2.34
1249,2017,BR,Brecksville,-81.73801,41.30163,Wet Meadow and Marsh,0.009825596,0.945910096,1,4.5,0,0,9.6,2.7,0.285,7.2,3.03,223.51,11.35013,54.275
1250,2017,MS,Mill Stream Run,-81.82852,41.33799,Ruderal Wet-Mesic Shrubland and Thicket,0.008810055,0.729276792,0,12.75,1,0,9.7,3.5,0.363,6.3,0.4,293.13,12.97631,18.1025
1252,2017,SC,South Chagrin,-81.41674,41.42056,Oak - Mixed Hardwood,0.044315328,0.52439805,0.75,29.5,3,0,11.8,2.4,0.206,4.8,8.13,49.94,9.28769,0.6175
1253,2017,HI,Hinckley,-81.73128,41.20741,Wet-Mesic Red Maple,0.048571197,0.449526431,0.75,48.25,0.5,0,12.2,2.2,0.18,5.3,5.14,115.52,7.82422,0.8125
1254,2017,MS,Mill Stream Run,-81.84624,41.35151,Bottomland Forest,0.017381228,0.251448436,1.75,13.75,2.5,0,12.6,2.6,0.202,6.8,1.55,300.36,11.53497,3.4775
1255,2017,BE,Bedford,-81.55638,41.3784,Dry-Mesic Meadow,0,0.956755207,1.25,0.25,0,0,9,1,0.11,7.4,0.61,179.67,12.74614,98.215
1256,2017,SC,South Chagrin,-81.42554,41.40947,Wet-Mesic Red Maple,0,0.575757576,0.5,52.25,8.25,0,15,4.2,0.282,4.3,0.86,29.27,12.72253,13.0325
1257,2017,NC,North Chagrin,-81.41979,41.5869,Beech - Mixed Hardwood (Hemlock) Forest,0.19047619,0.238095238,0,15.75,2.5,0,19.3,8.5,0.441,4,27.49,302.81,7.70757,1.95
1258,2017,BW,Bradley Woods,-81.94497,41.41858,Beech - Mixed Hardwood (Hemlock) Forest,0.035707909,0.339403678,2.25,19,2.5,1,13,4.6,0.356,5.6,1.01,259.24,13.24577,1.56
1259,2017,MS,Mill Stream Run,-81.80927,41.31599,Wet-Mesic Red Maple,0.136493926,0.221711634,0.5,27.5,4,0,17.2,4.2,0.246,4.3,5.15,52.96,12.6681,2.145
1261,2017,HI,Hinckley,-81.70239,41.2172,Beech - Mixed Hardwood (Hemlock) Forest,0.087902428,0.175804857,0.25,22.5,4,0.5,13.8,3.8,0.278,5.6,9.87,279.37,9.51161,1.56
1262,2017,RR,Rocky River,-81.8542,41.42294,Sugar Maple - Mixed Hardwood Forest,0.141726704,0.078067793,2,15,2,0.25,11.5,3.1,0.267,5.5,1.41,333.28,10.49128,0.455
1263,2017,SC,South Chagrin,-81.472,41.41465,Wet Meadow and Marsh,0.006141249,0.935516888,2,1.25,2,0,12.7,5.6,0.438,6.5,2.74,245.98,12.81964,67.7625
1264,2017,NC,North Chagrin,-81.42652,41.552,Beech - Mixed Hardwood (Hemlock) Forest,0.090909091,0.181818182,0.25,13.25,2.25,0.5,16.8,7.8,0.463,3.8,5.77,120.05,11.16177,0.9425
1265,2017,BR,Brecksville,-81.60904,41.29888,Wet-Mesic Red Maple,0.03652968,0.412988331,1.25,29.75,5,0,13.5,3.4,0.25,5.1,3.91,135.59,10.03698,4.55
1266,2017,BC,Big Creek,-81.82435,41.35013,Bottomland Forest,0.016718525,0.482162263,3,14.25,4.25,0.25,13,2.4,0.187,6.9,0.22,23.81,12.24449,5.46
1267,2017,BE,Bedford,-81.57704,41.35136,Wet-Mesic Red Maple,0.036350549,0.468238258,0.5,27,1.75,0,12,3.3,0.275,5.8,3.44,295.54,10.80673,1.3325
1268,2017,SC,South Chagrin,-81.4071,41.41992,Bottomland Forest,0.016850146,0.41574927,4,84,17,0,16.5,4.1,0.25,6.7,24.76,245.58,9.40206,6.5
1269,2017,BR,Brecksville,-81.59778,41.31123,Beech - Mixed Hardwood (Hemlock) Forest,0.188330871,0.450516987,0,12,1.5,0.25,11.7,2.4,0.209,6,33.37,327.29,5.99451,3.835
1271,2017,BE,Bedford,-81.55364,41.38806,Oak - Mixed Hardwood,0.042851021,0.535780603,1,13.5,2.25,0,14.3,3.8,0.264,4.5,3.95,194.84,9.09314,1.04
1272,2017,SC,South Chagrin,-81.4332,41.41477,Oak - Mixed Hardwood,0.060150376,0.383458647,1.75,23.5,2.25,0,14.3,4.2,0.297,4.3,3.48,95.85,11.29333,2.08
1273,2017,NC,North Chagrin,-81.43143,41.56975,Beech - Mixed Hardwood (Hemlock) Forest,0.25,0.25,0.5,9,1.5,0.25,19.1,11.7,0.615,3.7,16.31,48.26,8.46847,1.0725
1274,2017,HI,Hinckley,-81.70934,41.21223,Sugar Maple - Mixed Hardwood Forest,0.044347537,0.501736945,0.5,28.5,1.25,0,12.8,4.4,0.344,5.3,5.53,142.62,10.47822,0.91
1275,2017,MS,Mill Stream Run,-81.80279,41.29992,Oak - Mixed Hardwood,0.058244134,0.465901296,2.5,33.75,3.75,0,15.4,4.8,0.313,5.2,0.5,91.58,13.79564,1.105
1276,2017,EC,Euclid Creek,-81.52643,41.54681,Wet-Mesic Red Maple,0.032432432,0.332432432,1,20,6.5,1.5,13.4,4.4,0.33,6,11.59,227.4,11.58824,3.835
1277,2017,HI,Hinckley,-81.72739,41.22204,Ruderal Wet-Mesic Shrubland and Thicket,0.005882353,0.844117647,0.75,13.5,1,0,10.7,2.4,0.223,5.7,3.21,58.44,9.97095,5.6225
1279,2017,MS,Mill Stream Run,-81.76768,41.29813,Bottomland Forest,0.004115057,0.142010617,0.75,4.75,3.5,0,12.3,5.2,0.418,6.9,5.84,267.25,9.8201,14.7875
1281,2017,BR,Brecksville,-81.61399,41.31289,Sugar Maple - Mixed Hardwood Forest,0.037037037,0.462962963,1,17,6,0,11.9,2.4,0.2,6.2,27.65,52.02,8.28901,5.005
1282,2017,RR,Rocky River,-81.84201,41.4378,Sugar Maple - Mixed Hardwood Forest,0.021338644,0.320506437,0.333333333,19,2.666666667,0,13.8,4.1,0.299,5.4,29.91,228.13,6.97361,1.906666667
1283,2017,BE,Bedford,-81.50002,41.38189,Wet-Mesic Red Maple,0,0.365280289,0.25,36.75,1,0,11.6,3.5,0.299,6.7,4.02,30.65,8.89728,1.7875
1284,2017,NC,North Chagrin,-81.43165,41.55812,Beech - Mixed Hardwood (Hemlock) Forest,0.053571429,0.348214286,2.75,17,2,0.75,16.6,5.5,0.329,4.3,1.12,70.22,13.95262,1.4625
1286,2017,RR,Rocky River,-81.82693,41.44014,Oak - Mixed Hardwood,0.10823889,0.439704572,1.5,20.5,2.25,0.75,11.9,3.3,0.278,4.8,0.23,299.03,9.35579,5.2975
1287,2017,BE,Bedford,-81.56533,41.37421,Wet-Mesic Red Maple,0.019777612,0.670241287,0,13.5,4.75,1.25,14.1,3.7,0.259,5.2,4.96,242.96,11.00214,1.5275
1288,2017,SC,South Chagrin,-81.41527,41.40907,Wet-Mesic Red Maple,0.015377518,0.723204675,0.5,20,10,1,16.2,5,0.307,3.9,3.28,115.1,9.50281,2.795
1289,2017,NC,North Chagrin,-81.42635,41.58569,Beech - Mixed Hardwood (Hemlock) Forest,0.119774806,0.344827586,0.75,12.25,0.25,0.25,18.7,4,0.214,5.3,18.77,317.08,6.98138,5.2975
1291,2017,MS,Mill Stream Run,-81.79915,41.31795,Wet-Mesic Red Maple,0,0.551020408,0,17.25,0.75,0,12.7,2.8,0.219,4.6,4.49,203.5,8.80103,0.845
1292,2017,GP,Garfield Park,-81.60068,41.42444,Oak - Mixed Hardwood,0.025316456,0.506329114,1,16.5,1.75,0,17.6,6.1,0.35,4.7,2.42,328.45,10.40823,0.9425
1293,2017,HI,Hinckley,-81.71315,41.22407,Sugar Maple - Mixed Hardwood Forest,0.046964281,0.333576852,0.25,23.25,0.5,0,13.6,3.4,0.247,4.8,7.72,210.56,7.18672,1.3975
1294,2017,RR,Rocky River,-81.87309,41.4157,Beech - Mixed Hardwood (Hemlock) Forest,0.03362726,0.075026155,1,18.5,0.75,0,18.8,3.5,0.188,4.5,9.19,335.98,8.42428,0.9425
1295,2017,SC,South Chagrin,-81.47918,41.39699,Sugar Maple - Mixed Hardwood Forest,0.013048206,0.342152954,0.5,14.5,1.75,0,14.1,4.6,0.324,5.1,0.73,304.25,10.94861,6.76
1296,2017,NC,North Chagrin,-81.42871,41.54783,Sugar Maple - Mixed Hardwood Forest,0.523584906,0.08490566,0,16.33333333,0.333333333,0.333333333,13.5,3.5,0.258,6.1,5.6,105.75,13.63795,2.166666667
1297,2017,BR,Brecksville,-81.61149,41.32401,Sugar Maple - Mixed Hardwood Forest,0.026312327,0.440863044,1.75,8,1.5,0.25,12.4,3.4,0.275,5.2,23.19,163.35,7.88588,2.73
1298,2017,RR,Rocky River,-81.84109,41.43949,Sugar Maple - Mixed Hardwood Forest,0,0.400398406,0.25,27.25,2.5,0,12.5,3.2,0.255,4.7,13.61,257.71,6.75204,0.7475
1299,2017,BR,Brecksville,-81.59308,41.34437,Sugar Maple - Mixed Hardwood Forest,0.015748031,0.535433071,0.25,16.25,5.75,0.75,13.1,3.9,0.302,5.6,10.58,222.31,8.74813,3.64
1300,2017,SC,South Chagrin,-81.4221,41.42369,Oak - Mixed Hardwood,0.013481328,0.770682605,2,16,3.666666667,0,14.5,4.3,0.296,5,1.78,69.08,11.74389,1.43
1301,2018,BR,Brecksville,-81.59385,41.3068,Beech - Mixed Hardwood (Hemlock) Forest,0.141169753,0.1719302,1,15.75,1,0.25,12.2,4.1,0.336,5.5,23.02,62.15,6.11023,3.575
1302,2018,RR,Rocky River,-81.86494,41.38078,Oak - Mixed Hardwood,0.105281628,0.258817336,0,13.5,1.5,0.25,14.7,4.7,0.319,5.6,6.24,139.84,9.71829,3.25
1304,2018,SC,South Chagrin,-81.42466,41.41853,Beech - Mixed Hardwood (Hemlock) Forest,0.18475813,0.128276732,0.75,8.5,1.25,0.25,14.2,4.5,0.317,4.3,7.53,317.59,9.60966,9.1
1306,2018,BW,Bradley Woods,-81.95806,41.40342,Ruderal (Standing Dead) Thicket and Forest,0.030919069,0.721419185,3,32.5,1.25,0,14.1,3.5,0.249,4.8,0.3,126.23,14.99666,5.98
1307,2018,MS,Mill Stream Run,-81.80631,41.32277,Bottomland Forest,0,0.695750328,0.25,40,4,0,12.3,5.2,0.424,6.5,0.25,198.68,14.5841,16.315
1308,2018,OE,Ohio and Erie Canal,-81.66673,41.43905,Bottomland Forest,6.12E-05,0.433715588,0,1,0.25,0,8.3,1.3,0.157,6.9,1.97,55.79,11.67538,13.39
1309,2018,HI,Hinckley,-81.70901,41.21985,Oak - Mixed Hardwood,0.057863076,0.178745345,0.5,18,1.75,0.25,12.1,3.1,0.256,5,2.41,139.25,9.12795,2.665
1310,2018,RR,Rocky River,-81.87632,41.41267,Sugar Maple - Mixed Hardwood Forest,0.083686849,0.198183143,1.5,12,2,0.25,14.9,4.6,0.315,5.8,2.19,315.98,11.24429,4.81
1312,2018,NC,North Chagrin,-81.42865,41.56815,Beech - Mixed Hardwood (Hemlock) Forest,0.166909091,0.042181818,2.5,18.25,1.25,0.5,16,4.2,0.262,3.9,0.53,348.94,14.27341,5.2
1313,2018,BR,Brecksville,-81.6686,41.3019,Oak - Mixed Hardwood,0.070684611,0.60655354,0,15.25,1,0,17.7,4.3,0.243,5.2,4.6,2.24,11.2339,2.6
1314,2018,MS,Mill Stream Run,-81.82169,41.33349,Wet-Mesic Red Maple,0.289385489,0.467778039,0.5,20.25,0.75,0,11.8,3.4,0.287,5.1,5.29,114.33,8.98067,3.445
1315,2018,BE,Bedford,-81.56807,41.35337,Wet-Mesic Red Maple,0,0.496669267,0,34.5,0.25,0,12.8,3.4,0.265,4.2,2.87,314.81,9.88594,6.76
1316,2018,SC,South Chagrin,-81.41673,41.42686,Sugar Maple - Mixed Hardwood Forest,0.025913621,0.350584472,0.75,9.5,2.75,0,12,2.8,0.234,4.6,1.54,118.61,11.68468,4.875
1317,2018,HI,Hinckley,-81.72942,41.21097,Sugar Maple - Mixed Hardwood Forest,0.214016263,0.238892615,0.75,21.25,0.75,0,11.9,3.2,0.269,4.7,5.05,76.61,8.47299,5.395
1318,2018,MS,Mill Stream Run,-81.84906,41.35734,Bottomland Forest,0.005320187,0.490796077,0.25,13.25,3.5,0.25,11,2.7,0.246,5.3,1.25,26.58,15.08215,6.5
1319,2018,BE,Bedford,-81.55237,41.3793,Sugar Maple - Mixed Hardwood Forest,0.048875543,0.288237925,0,12.5,3.75,0,15.1,4.9,0.324,4.8,8.71,268.13,9.2253,9.62
1320,2018,SC,South Chagrin,-81.4279,41.41164,Wet Meadow and Marsh,0.064782908,0.862164025,4.75,1,0,0,11.9,6.4,0.539,5.5,1.41,109.75,13.66786,92.17
1321,2018,NC,North Chagrin,-81.43488,41.57478,Wet-Mesic Red Maple,0.013610071,0.280775774,0.5,32,0.25,0,12.9,2.7,0.209,4.7,0.99,54.83,12.10495,8.515
1322,2018,HI,Hinckley,-81.70638,41.20947,Sugar Maple - Mixed Hardwood Forest,0.012454973,0.642163746,1,13,3.75,0,12,2.6,0.217,5.1,24.04,146.76,7.43591,4.68
1324,2018,BE,Bedford,-81.52014,41.3841,Ruderal Wet-Mesic Shrubland and Thicket,0.01926576,0.682960505,2,2,0,0,10.5,1.9,0.181,6.8,0.86,347.63,12.13353,51.74
1325,2018,HI,Hinckley,-81.72513,41.21915,Sugar Maple - Mixed Hardwood Forest,0.010185909,0.261355125,0,22.75,0.75,0,12.2,3.3,0.27,6.3,21.67,343.05,7.89932,5.135
1326,2018,RR,Rocky River,-81.82401,41.47466,Bottomland Forest,0.029198501,0.318458319,0.25,7.5,4.25,0.25,12.3,3.1,0.253,6.9,13.86,106.74,10.12521,7.475
1327,2018,MS,Mill Stream Run,-81.7692,41.29438,Ruderal Wet-Mesic Shrubland and Thicket,0.019590557,0.775666351,0.5,13.25,0.75,0,12.7,2.8,0.22,4.6,18.57,142.33,8.9832,8.19
1328,2018,BK,Brookside,-81.71154,41.44419,Oak - Mixed Hardwood,0.391593787,0.111016839,0,18,0.25,0.5,15.7,5,0.319,4.4,25.38,291.74,5.6719,3.77
1329,2018,BR,Brecksville,-81.60254,41.3155,Sugar Maple - Mixed Hardwood Forest,0.075917099,0.27856185,1.25,6.75,2.5,1,13.2,4.5,0.34,5.3,13.9,126.07,9.33561,6.24
1330,2018,RR,Rocky River,-81.8902,41.40466,Bottomland Forest,0.005410914,0.850721906,0.5,16.25,3.5,0.25,12.1,2.8,0.232,4.3,0.45,26.09,12.95927,5.46
1332,2018,NC,North Chagrin,-81.42514,41.561,Beech - Mixed Hardwood (Hemlock) Forest,0.183010523,0.277260943,2.75,16.5,0.75,1,16.6,4.4,0.265,4,6.47,119.23,10.47896,6.89
1333,2018,BR,Brecksville,-81.57007,41.28418,Dry-Mesic Meadow,5.35E-05,0.95711073,0,0,0,0,12.2,3,0.246,5.5,0.2,31.57,13.64307,98.345
1335,2018,BE,Bedford,-81.56582,41.36219,Dry-Mesic Meadow,0.003088898,0.908362678,1,0,0,0,11.5,2.7,0.235,5.2,6.94,221.97,10.52523,99.84
1336,2018,SC,South Chagrin,-81.40605,41.44345,Bottomland Forest,0.362833325,0.561934753,1.75,8.25,2.25,0,9.6,1.6,0.167,6.8,2.13,211.43,10.54078,6.89
1338,2018,HI,Hinckley,-81.69582,41.2096,Sugar Maple - Mixed Hardwood Forest,0.000250475,0.188210983,0.75,12,1.5,0.75,11.3,2.6,0.231,5.1,2.21,298.27,9.41331,5.005
1339,2018,MS,Mill Stream Run,-81.82941,41.32799,Bottomland Forest,0.00657834,0.33826347,1.5,8,1.25,0,11.9,2.7,0.227,6.4,2.64,11.13,12.94468,5.72
1340,2018,EC,Euclis Creek,-81.5353,41.55702,Sugar Maple - Mixed Hardwood Forest,0.001113999,0.313590791,0.75,13.25,1,0.5,13.6,3.5,0.258,4.9,23.32,57.47,7.85919,6.63
1341,2018,HI,Hinckley,-81.67989,41.21982,Sugar Maple - Mixed Hardwood Forest,0.017778821,0.126065336,1.75,13.5,4,0,11.7,1.7,0.145,7.1,2.51,171.45,13.64174,2.86
1343,2018,MS,Mill Stream Run,-81.79462,41.3023,Wet-Mesic Red Maple,0.017925157,0.898209865,0.25,23.25,0,0,12.4,2.7,0.218,5,0.31,11.23,13.16325,5.005
1347,2018,BE,Bedford,-81.51488,41.37918,Oak - Mixed Hardwood,0,0.3729485,0.25,33.75,2,0,13.8,3.7,0.268,4.2,1.31,21.43,10.35195,4.875
1348,2018,NC,North Chagrin,-81.41543,41.55791,Sugar Maple - Mixed Hardwood Forest,0.010290896,0.283509094,0.75,9,1.75,0.25,13,3.5,0.269,4.2,1.21,251.8,13.44345,4.485
1349,2018,BR,Brecksville,-81.59264,41.29964,Oak - Mixed Hardwood,0.145122537,0.295050457,2,24,2,0,14.4,2.7,0.188,4.3,1.51,125.46,11.54461,6.89
1350,2018,RR,Rocky River,-81.87952,41.39285,Sugar Maple - Mixed Hardwood Forest,0.031163371,0.169419912,1.75,10,1.75,2.75,13.2,2.5,0.189,6.4,0.86,191.66,12.3609,2.86
1351,2018,BE,Bedford,-81.54648,41.37309,Wet-Mesic Red Maple,0.041313778,0.564483922,1.25,22,2.5,0,12.1,3.1,0.256,4.4,5.18,284.26,9.63978,6.11
1352,2018,SC,South Chagrin,-81.41735,41.41743,Beech - Mixed Hardwood (Hemlock) Forest,0.028245285,0.384634319,1.25,11,2,0.25,12.2,3.6,0.294,4,4.67,83.02,8.59888,4.55
1353,2018,NC,North Chagrin,-81.42648,41.58121,Sugar Maple - Mixed Hardwood Forest,0.084868013,0.116817449,2.25,12.75,2.5,0.5,13.6,3.1,0.228,4.4,3.43,73.3,11.52693,5.85
1354,2018,HI,Hinckley,-81.69848,41.20764,Sugar Maple - Mixed Hardwood Forest,0.011114198,0.848766633,0.25,13.75,2.75,0,14.6,3.4,0.233,6.2,1.99,276.22,12.03669,11.765
1355,2018,MS,Mill Stream Run,-81.82167,41.33292,Sugar Maple - Mixed Hardwood Forest,0.002403676,0.751360905,2.75,17.5,1,0,12.6,2.3,0.182,6.2,20.78,140.14,8.59511,4.745
1357,2018,HI,Hinckley,-81.69064,41.21815,Sugar Maple - Mixed Hardwood Forest,0.140490347,0.16313715,0.25,10.5,1.5,0,15.1,5.4,0.357,5.1,21.95,90.15,8.41379,2.86
1358,2018,RR,Rocky River,-81.82278,41.45879,Ruderal Wet-Mesic Shrubland and Thicket,0.014316221,0.26440868,1,7.25,2.75,0,13.7,4.4,0.321,5.3,0.68,143.31,13.35752,9.555
1359,2018,MS,Mill Stream Run,-81.77739,41.29823,Ruderal Wet-Mesic Shrubland and Thicket,0,0.866884829,0.25,21,0.5,0,13.3,3.5,0.263,5,8.14,216.95,9.11439,6.955
1360,2018,NC,North Chagrin,-81.43782,41.58063,Wet Meadow and Marsh,0.007536458,0.964829864,1,3.75,0,0,12.5,3.9,0.313,5.7,2.11,24.23,12.62663,54.145
1361,2018,BR,Brecksville,-81.59908,41.3069,Oak - Mixed Hardwood,0.089155023,0.353441266,1,13,4.5,0.75,16.4,4,0.244,4.4,5.86,10.97,7.88676,8.06
1362,2018,RR,Rocky River,-81.84056,41.44581,Sugar Maple - Mixed Hardwood Forest,0.015976609,0.728449851,0,29.75,5.25,0.5,11.4,3.2,0.28,4.5,1.74,41.86,12.7535,15.08
1363,2018,BR,Brecksville,-81.59277,41.34706,Ruderal Wet-Mesic Shrubland and Thicket,0.036367958,0.582422154,0,9.75,1.5,0.5,11.7,2.3,0.197,5.1,4.85,256.74,10.97725,4.81
1365,2018,BR,Brecksville,-81.58047,41.29565,Ruderal Wet-Mesic Shrubland and Thicket,0.006213045,0.36664216,0.5,7.5,0.25,0,12.7,3.9,0.306,4.7,13.35,105.68,9.56713,8.515
1366,2018,MS,Mill Stream Run,-81.8568,41.36492,Bottomland Forest,0.013191452,0.804293818,1,20,4.25,0,11.6,3.2,0.275,5.3,2.35,97.91,11.41221,5.265
1367,2018,BE,Bedford,-81.55196,41.36911,Wet-Mesic Red Maple,0.02239138,0.441994958,0,43.5,0.25,0,13,2.7,0.207,4.7,4.22,44.27,9.2486,3.965
1368,2018,SC,South Chagrin,-81.41761,41.41452,Oak - Mixed Hardwood,0.033287717,0.201945482,1.5,15,1.5,0,14.2,3.5,0.247,4.2,3.9,33.65,8.23723,7.93
1369,2018,NC,North Chagrin,-81.42401,41.57111,Sugar Maple - Mixed Hardwood Forest,0.082228445,0.478203762,0,10.75,1,0.25,13.8,3.7,0.268,5.7,2.96,311.71,10.82376,7.085
1370,2018,HI,Hinckley,-81.72102,41.20956,Beech - Mixed Hardwood (Hemlock) Forest,0.157768397,0.129376707,0.5,12.75,6.25,1,12.5,3.5,0.28,4.6,8.01,94.93,8.75656,3.965
1371,2018,MS,Mill Stream Run,-81.84521,41.33863,Ruderal Wet-Mesic Shrubland and Thicket,0,0.879674662,0,17.75,2.5,0,12.9,3.5,0.271,5.1,0.36,320.38,11.90532,8.97
1372,2018,BE,Bedford,-81.5466,41.38854,Ruderal Wet-Mesic Shrubland and Thicket,0.047544256,0.524071053,1.5,6.75,0.5,0,14.9,3,0.202,7.8,1.25,223.23,14.6304,26.52
1373,2018,HI,Hinckley,-81.69108,41.25756,Ruderal Wet-Mesic Shrubland and Thicket,0.51649171,0.381179294,0.25,14.5,0,0,11.7,3.2,0.274,6,0.6,100.6,13.67668,39.325
1374,2018,BW,Bradley Woods,-81.97034,41.4118,Wet-Mesic Red Maple,0.015082095,0.205020355,1.25,18.75,3.5,1.75,14.9,2.8,0.188,4.7,0.64,301.24,14.14677,8.71
1375,2018,MS,Mill Stream Run,-81.78996,41.30802,Beech - Mixed Hardwood (Hemlock) Forest,0.05959518,0.335015136,0.5,16.75,0.5,0,10.8,3.7,0.343,4.4,10.75,130.88,7.59771,4.03
1376,2015,WC,West Creek,-81.69685,41.38108,Ruderal,0.178062264,0.265347687,0.125,16.625,0.875,0.125,5.94,0.2,29.7,4.2,12.21,264.6,7.85952,1.43
1377,2018,BR,Brecksville,-81.61928,41.30793,Wet-Mesic Red Maple,0.03358298,0.79938463,0.25,14,3.75,0,13,3.4,0.261,5.3,22.99,150.55,9.82689,4.03
1379,2018,SC,South Chagrin,-81.48068,41.38044,Ruderal Wet-Mesic Shrubland and Thicket,0,0.922278162,0,9,0.5,0,13.1,2.6,0.198,5.3,4.65,282.77,9.08218,16.38
1380,2018,NC,North Chagrin,-81.41762,41.56388,Sugar Maple - Mixed Hardwood Forest,0.000225543,0.390414435,0.75,12.5,1.5,0,11.1,2.2,0.199,5.2,1.35,312.12,10.95135,6.565
1381,2018,BR,Brecksville,-81.57875,41.29305,Ruderal Wet-Mesic Shrubland and Thicket,0.016307671,0.414853571,0,19,1,0,13.1,3.8,0.289,5.2,16.89,79.85,6.75287,10.075
1383,2018,BE,Bedford,-81.57443,41.37752,Sugar Maple - Mixed Hardwood Forest,0.028445775,0.30933221,0.5,15.75,2.75,0,11.5,1.6,0.139,7.4,21.57,333.33,8.50912,4.55
1384,2018,SC,South Chagrin,-81.40661,41.43943,Bottomland Forest,0.002259351,0.214408634,1.5,12.75,1.25,0.25,13.1,4.1,0.314,6.5,7.7,14.02,10.12244,19.37
1385,2018,HI,Hinckley,-81.69359,41.26267,Wet-Mesic Red Maple,0.033038952,0.48503057,1.25,25,2.5,0,12.1,3.9,0.322,5.2,1.25,135.17,13.47562,5.915
1386,2018,BW,Bradley Woods,-81.95436,41.41022,Wet-Mesic Red Maple,0.081433225,0.279587405,1.5,29.5,0,0,11,2.4,0.218,4.2,0.02,150.26,13.03463,5.655
1387,2018,MS,Mill Stream Run,-81.77905,41.30517,Sugar Maple - Mixed Hardwood Forest,0,0.41066043,1.25,14.25,3.25,0.25,11.8,4.3,0.363,4.6,1.82,31.24,12.76725,3.055
1388,2015,WC,West Creek,-81.70219,41.38003,Ruderal,0,0.257724719,0.777777778,19.44444444,0.666666667,0,4.87,0.26,19,4.6,31.41,313.2,7.985,0.4875
1389,2018,HI,Hinckley,-81.70518,41.22529,Sugar Maple - Mixed Hardwood Forest,0.105650823,0.284497641,0,16.75,0.75,0,13,3,0.231,5,9.24,233.69,8.02505,3.25
1390,2018,RR,Rocky River,-81.89082,41.41101,Sugar Maple - Mixed Hardwood Forest,0.075859464,0.658985014,2.25,16.25,1.5,0,12.9,3.7,0.286,4.6,0.77,32.07,13.57563,5.2
1393,2018,BR,Brecksville,-81.73254,41.30209,Wet-Mesic Red Maple,0,0.751295337,3.75,17,4,0.5,16,3.8,0.237,6.4,7.38,192.24,8.58341,14.69
1394,2018,MS,Mill Stream Run,-81.83493,41.33876,Wet-Mesic Red Maple,0.032983343,0.359353526,2,21.5,1.75,0,12.4,4,0.322,5.2,1.85,152.49,13.69681,4.16
1395,2018,BE,Bedford,-81.56789,41.38234,Dry-Mesic Meadow,0.003092033,0.967897417,8.5,0,0,0,11.4,2.3,0.202,5.9,1.13,196.92,11.84144,99.84
1396,2018,SC,South Chagrin,-81.40875,41.44905,Ruderal Wet-Mesic Shrubland and Thicket,0.05087874,0.539846,2.75,8.5,1.75,0.75,16.9,6,0.356,4.3,0.16,308.06,10.46477,6.825
1399,2018,BE,Bedford,-81.55326,41.38343,Beech - Mixed Hardwood (Hemlock) Forest,0.041793662,0.498669738,2.25,6.25,2.75,0.5,11.5,2.1,0.183,6.3,5.62,328.88,10.85475,34.58
1400,2018,SC,South Chagrin,-81.42056,41.40909,Wet-Mesic Red Maple,0.025698133,0.43609731,0,27,1.5,0.75,15.7,4.4,0.281,4.8,1.11,267.2,11.53118,3.64
3362,2015,BR,Brecksville,-81.59023,41.30528,Sugar Maple - Mixed Hardwood Forest,0.106826132,0.413049186,0,6.75,2.75,0.25,4.37,0.31,14,6.3,20.1,119.46,6.84236,7.345
3364,2015,SC,South Chagrin,-81.47428,41.41769,Wet-Mesic Red Maple,0.098231827,0.402750491,0.75,27.5,0.75,0,5.13,0.28,18.3,4.2,6.22,233.69,8.89895,1.04
3365,2015,MS,Mill Stream Run,-81.79678,41.30568,Oak - Mixed Hardwood,0.281656603,0.053065737,1.25,16.25,1.25,0,3.01,0.18,16.4,4.6,5.33,339.24,10.20827,7.15
3367,2015,RR,Rocky River,-81.88037,41.39968,Bottomland Forest,0.005811438,0.313565834,0.25,13.75,7.75,0,3.51,0.23,15.3,5.6,0.63,80.15,13.71463,2.34
3368,2015,BE,Bedford,-81.56652,41.35604,Wet-Mesic Red Maple,0.014674711,0.17978151,0,11.75,2.25,0,2.77,0.16,17.6,4.8,1.68,288.54,10.62642,5.98
3369,2015,NC,North Chagrin,-81.42592,41.56239,Beech - Mixed Hardwood (Hemlock) Forest,0.163934426,0,1.5,24.5,0.5,0.25,6.98,0.38,18.4,4.2,1.91,95.92,11.53467,2.925
3370,2015,HI,Hinckley,-81.71687,41.21482,Beech - Mixed Hardwood (Hemlock) Forest,0.133792682,0.084012908,0,14.75,2.75,1.75,4.3,0.26,16.5,5.9,1.95,188.14,12.27726,2.08
3372,2016,BK,Brookside,-81.7111,41.44445,Oak - Mixed Hardwood,0.550683255,0.173567204,0.25,11.25,1.25,0.5,3,0.181,16.7,4.4,2.67,324.84,6.4388,3.25
3374,2016,BR,Brecksville,-81.69714,41.30125,Beech - Mixed Hardwood (Hemlock) Forest,0.104858441,0.420132821,1.75,17.25,1,0.25,4.5,0.259,17.2,4.6,2.47,31.45,11.3894,2.795
3376,2015,EC,Euclid Creek,-81.52866,41.55004,Beech - Mixed Hardwood (Hemlock) Forest,0.073367572,0.076302274,1,14.5,1.5,0,5.91,0.29,20.5,3.9,3.91,295.97,11.8553,5.59
3377,2015,SC,South Chagrin,-81.4045,41.41826,Dry-Mesic Meadow,0.160313502,0.406127538,0.5,0,0.25,0,3.71,0.25,15.1,6.7,1.06,298.41,11.72546,20.215
3378,2016,BR,Brecksville,-81.58825,41.32416,Bottomland Forest,0.044448286,0.41643105,1,9,3.75,0,3.7,0.361,10.3,6.5,3.85,237.21,11.46276,4.745
3380,2015,BE,Bedford,-81.56783,41.38253,Dry-Mesic Meadow,0,0.983723888,0.25,0,0,0,2.04,0.17,12.4,5.4,3.21,198.56,10.21875,99.84
3381,2015,MS,Mill Stream Run,-81.76318,41.2939,Bottomland Forest,0.00542841,0.55521055,0.75,8.25,2.75,0.25,3.14,0.21,15.1,6.7,11.03,256.51,9.29152,21.84
3382,2016,BR,Brecksville,-81.60212,41.30404,Oak - Mixed Hardwood,0.153405604,0.098281857,0.5,7.75,1.5,0,4.9,0.377,14.9,4.3,2.05,222.63,10.07575,2.795
3385,2015,NC,North Chagrin,-81.43456,41.5671,Oak - Mixed Hardwood,0.009091736,0.175258357,0.333333333,12,0,0,5.19,0.19,27.2,4.3,4.85,117.02,8.16406,3.293333333
3386,2015,HI,Hinckley,-81.69980052,41.22247933,Sugar Maple - Mixed Hardwood Forest,0.050632911,0.222109705,1.75,24.25,2,0,3.95,0.24,16.8,4.9,2.67,277.34,10.83214,0.65
3387,2016,MS,Mill Stream Run,-81.84515,41.35495,Bottomland Forest,0.021301901,0.748761827,1,8.75,3.75,0,3.1,0.316,9.9,5.5,1.17,132.27,12.56335,53.95
3389,2015,SC,South Chagrin,-81.40557,41.44235,Bottomland Forest,0.011791178,0.399052775,1.5,3,0.25,0.25,1.75,0.12,15,7.1,1.76,99.57,10.05219,14.82
3390,2016,HI,Hinckley,-81.68791,41.20335,Dry-Mesic Meadow,0.008126872,0.944278,0,2,0.25,0,2.7,0.255,10.7,5.1,8.03,276.89,7.2741,96.1025
3392,2017,MS,Mill Stream Run,-81.79791,41.31856,Oak - Mixed Hardwood,0,0.329912023,1,25.75,0.25,0,11.3,3.3,0.292,4.6,1.97,197.77,10.91451,0.5525
3394,2016,BR,Brecksville,-81.59142,41.29612,Beech - Mixed Hardwood (Hemlock) Forest,0.029783465,0.219496074,1.25,8.25,2.25,1,2.7,0.197,13.5,5.9,26.83,251.94,8.95932,7.3125
3395,2017,MS,Mill Stream Run,-81.82555,41.33567,Sugar Maple - Mixed Hardwood Forest,0.013201901,0.502464355,0.75,21,1.25,0,12.6,3.9,0.313,7.6,17.02,189.99,7.03077,1.0725
3396,2015,BE,Bedford,-81.56619,41.37279,Sugar Maple - Mixed Hardwood Forest,0.097706609,0.274474148,0.75,14,1.5,0.5,4.06,0.23,17.4,5.2,10.01,313.16,6.41913,8.06
3397,2018,MS,Mill Stream Run,-81.79543,41.30117,Oak - Mixed Hardwood,0.049865559,0.297726717,1.75,13,2.5,0,14,4.9,0.351,4.9,1.8,3.9,13.1758,6.5
3398,2017,Br,Brecksville,-81.61312,41.32058,Beech - Mixed Hardwood (Hemlock) Forest,0.109589041,0.246575342,0.25,12.5,2.5,0,14.4,3.4,0.238,4.7,15.44,168.75,9.10317,0.52
3399,2016,RR,Rocky River,-81.838005,41.448065,Dry-Mesic Meadow,0,0.976219801,0,0,0,0,3.3,0.271,12.2,4.4,0.66,188.97,11.19337,51.22
3400,2016,BE,Bedford,-81.54556,41.38406,Beech - Mixed Hardwood (Hemlock) Forest,0.177499271,0.234625474,0,19.5,2,2,4.6,0.334,13.9,4.3,27.19,304.67,6.71859,2.47
3402,2016,HI,Hinckley,-81.69234,41.25807,Wet Meadow and Marsh,0.026389241,0.415630551,0.25,8.5,0.25,0,6.6,0.556,11.8,5.4,0.14,245.58,15.5085,58.3375
3405,2016,SC,South Chagrin,-81.43608,41.41645,Dry-Mesic Meadow,0.007044624,0.419178597,0.75,2.5,0.25,0,4.2,0.342,12.4,7.2,2.06,154.84,10.10188,21.2875
3406,2016,HI,Hinckley,-81.69532,41.20557,Beech - Mixed Hardwood (Hemlock) Forest,0.040222565,0.326473151,1.5,16,0.75,0,3.8,0.364,10.5,4.8,3.72,188.77,10.8314,2.2425
3409,2015,NC,North Chagrin,-81.43246,41.57292,Oak - Mixed Hardwood,0,0.181188327,0.25,22,6,0,4.62,0.29,15.8,4.1,3.38,316.64,11.04774,4.29
3410,2018,BR,Brecksville,-81.57136,41.29041,Bottomland Forest,0.006999087,0.428815107,1,13,1.75,0.5,13.2,3.1,0.235,7.3,0.93,354.69,13.08382,23.27
3411,2016,RR,Rocky River,-81.88487,41.39462,Bottomland Forest,0.043120176,0.219625429,1.5,16.25,3.75,0,1.8,0.154,11.7,7,0.24,254.94,12.19962,3.3475
3412,2017,BE,Bedford,-81.5914,41.3507,Dry-Mesic Meadow,0.003009027,0.73671013,0,0,0,0,10.8,3.1,0.284,6.1,1.7,331.25,13.13821,96.8175
3413,2016,NC,North Chagrin,-81.4212,41.55064,Oak - Mixed Hardwood,0.5,0,2.25,20.5,0.5,0,0.7,0.305,2.3,4.1,2.53,109.56,10.69431,1.69
3414,2017,HI,Hinckley,-81.68105,41.22013,Wet Meadow and Marsh,0.009389231,0.880240364,0,2.25,0.5,0,12.4,3,0.239,5.7,7.79,131.89,8.01155,56.9075
3415,2016,RR,Rocky River,-81.85544,41.42155,Sugar Maple - Mixed Hardwood Forest,0.108001612,0.212958402,2.25,19.75,1.5,0.25,4.4,0.371,11.9,4.7,4.59,182.56,12.73141,1.5275
3417,2016,SC,South Chagrin,-81.42229,41.42276,Oak - Mixed Hardwood,0.289845128,0.121152715,1.5,14,1.75,0,7.8,0.533,14.6,4.4,20.31,178.34,7.5812,2.34
3418,2018,HI,Hinckley,-81.72787,41.21688,Oak - Mixed Hardwood,0.046652671,0.273151388,0.25,19.75,2,0,13.3,3,0.226,4.6,13.36,170.86,12.4465,3.9
3420,2015,WC,West Creek,-81.69646,41.3781,Wet Meadow and Marsh,0,0.499645474,2.25,26.75,2,0,5.01,0.28,18,7.4,8.78,101.61,8.27073,3.9
3421,2017,SC,South Chagrin,-81.42902,41.41021,Wet-Mesic Red Maple,0.003792668,0.852085967,4.25,15,2.75,0.25,14,3.1,0.223,6,3.28,87.67,10.98103,7.085
3422,2018,HI,Hinckley,-81.71733,41.20309,Ruderal Wet-Mesic Shrubland and Thicket,0,0.48228703,0,12.25,2,0,12.1,2.6,0.214,5.1,1.45,140.61,12.79714,14.885
3423,2017,BE,Bedford,-81.5001,41.37826,Wet-Mesic Red Maple,0.097982179,0.470100126,1.75,32.25,2,0.25,13.5,4.1,0.304,5.3,0.56,174.39,13.89411,2.925
3425,2016,NC,North Chagrin,-81.43165,41.57682,Oak - Mixed Hardwood,0.021964082,0.264040159,2,17,0.5,0,3.2,0.292,10.9,4.1,2.67,84.16,11.43736,0.6825
3428,2018,SC,South Chagrin,-81.458708,41.41535584,Wet-Mesic Red Maple,0.043215212,0.305099395,1.5,39.5,0.5,0,13.1,3.5,0.267,3.9,0.65,358.75,12.45507,4.615
3432,2018,BE,Bedford,-81.57516,41.35497,Dry-Mesic Meadow,0.019125944,0.765324663,1,6,1,0,7.3,0.8,0.11,7.2,1.98,174.64,10.4656,15.86
3433,2017,NC,North Chagrin,-81.42271,41.56847,Oak - Mixed Hardwood,0.080139373,0.159645233,1.75,20.5,0.5,0,14.6,3.8,0.263,4.9,1.9,356.36,10.82446,0.6175
3435,2016,BC,Big Creek,-81.83994,41.37642,Wet-Mesic Red Maple,0.010675397,0.57291296,0.75,18.5,0.5,0,3.5,0.286,12.2,5.8,1.53,41.98,11.09577,4.2575
3437,2018,SC,South Chagrin,-81.40145,41.43691,Sugar Maple - Mixed Hardwood Forest,0.070779189,0.367335343,0,18.25,1.5,0,12.7,2.9,0.229,4.9,10.89,280.26,7.3107,3.9
3439,2017,RR,Rocky River,-81.81963,41.45682,Bottomland Forest,0.065861027,0.190267587,1,21.5,3.75,0,11.4,2.2,0.193,5.7,0.78,109.92,11.48067,4.68
3441,2017,NC,North Chagrin,-81.43913,41.57656,Dry-Mesic Meadow,0.025863555,0.647442944,1.5,0,0,0,10.7,3.1,0.292,4.9,0.86,60.06,13.19566,83.2
3443,2018,HU,Huntington,-81.9314,41.48655,Oak - Mixed Hardwood,0.05845755,0.33242601,0.5,11.75,0.25,0,17.5,9.7,0.555,4.6,14.3,257.26,8.73827,5.265
3444,2017,BE,Bedford,-81.56512,41.37965,Sugar Maple - Mixed Hardwood Forest,0.083710853,0.271223163,1.5,9.25,2,0,14.5,3.4,0.232,6.2,1.87,14.05,11.77968,3.25
3449,2018,NC,North Chagrin,-81.423,41.5546,Beech - Mixed Hardwood (Hemlock) Forest,0.121359223,0.091423948,1.75,16,0.25,0,13.5,3,0.222,3.9,1.3,83.98,9.86545,5.46
3452,2017,GP,Garfield Park,-81.62365,41.44281,Wet Meadow and Marsh,0,0.330827068,0,24.5,1,0,13,4,0.307,6.9,1.02,15.13,14.5452,0.715
3453,2018,SC,South Chagrin,-81.42323,41.41173,Wet-Mesic Red Maple,0.037509377,0.361965491,0,36,1,0,14.2,3.5,0.246,4.1,0.37,157.22,12.3626,5.33
3455,2017,RR,Rocky River,-81.8305,41.48044,Ruderal Wet-Mesic Shrubland and Thicket,0,0.905693775,0,18.75,1.5,0.25,13.5,4.2,0.31,6,14.63,254.14,8.28337,2.21
3457,2018,NC,North Chagrin,-81.42545,41.58551,Beech - Mixed Hardwood (Hemlock) Forest,0.196292257,0.068047983,1.5,13.25,0.5,0.25,15.9,4.1,0.258,4.2,1.38,40.74,12.55543,5.59
3459,2016,BC,Big Creek,-81.82951,41.35394,Bottomland Forest,0.001658054,0.775902949,1.5,8.75,2.25,0,2.8,0.315,9,6.8,0.6,203.3,13.52339,16.705
3461,2018,NC,North Chagrin,-81.41496,41.55568,Dry-Mesic Meadow,0.002347197,0.455356305,0,5,1,0,12.7,2.8,0.221,4.8,13.44,165.53,7.21649,2.6
3463,2017,RR,Rocky River,-81.8387,41.44384,Oak - Mixed Hardwood,0,0.651612903,0,23,2.666666667,0,11.4,2.3,0.203,4.7,2.79,66.14,10.42469,0.606666667
3465,2018,SC,South Chagrin,-81.40639,41.45245,Ruderal Wet-Mesic Shrubland and Thicket,0.043034186,0.594267736,0.25,3,3.5,1,13.3,2.4,0.181,5.2,8.85,204.93,12.23582,13.26
3479,2017,RR,Rocky River,-81.86826,41.41875,Sugar Maple - Mixed Hardwood Forest,0,0.263157895,1.25,15,3.5,1,12.5,3.4,0.27,5.4,1.73,24.07,12.29585,0.26
3483,2018,RR,Rocky River,-81.82654,41.45198,Bottomland Forest,0.011091803,0.146938662,0.5,7.75,1.75,0,11.8,4,0.34,5.6,0.6,160.99,13.07819,9.1
3484,2018,WC,West Creek,-81.68914,41.39059,Wet-Mesic Red Maple,0.090415913,0.136528029,0.25,16,2,0,8.8,0.31,28.8,4.1,14.94,20.47,6.54146,2.08
3495,2018,RR,Rocky River,-81.88403,41.41047,Sugar Maple - Mixed Hardwood Forest,0.001807093,0.458098035,1.5,12.75,6,0.25,11.2,2.8,0.25,4.1,0.1,81.75,13.23265,3.64
3499,2018,RR,Rocky River,-81.8787,41.39193,Sugar Maple - Mixed Hardwood Forest,0.056917442,0.414201183,0,16,1,0.25,12.1,3,0.247,5.4,3.91,30.18,11.73778,3.38
3500,2018,BC,Big Creek,-81.75536,41.41165,Wet-Mesic Red Maple,0,0.562781391,0.5,28.5,1.75,0,14.9,4.9,0.329,4.8,0.26,59.57,10.98411,3.055
3511,2018,RR,Rocky River,-81.84148,41.43441,Ruderal Wet-Mesic Shrubland and Thicket,0.006702076,0.265659121,0.5,7.25,1,0.25,12.9,5.1,0.396,5.3,0.24,55.26,14.7657,37.05
3596,2015,WC,West Creek,-81.69773,41.38441,Oak - Mixed Hardwood,0.095984642,0.026395777,0.75,29.25,4.5,0.75,7.69,0.29,27,4.1,18.71,73.26,6.63213,1.885
3652,2017,OE,Ohio and Erie Canal,-81.65958,41.43489,Wet Meadow and Marsh,0.217179903,0.243111831,7,2.5,0,0,11.1,2.1,0.188,7.6,2.13,303.74,11.16954,32.565
3668,2015,WC,West Creek,-81.69404,41.3795,Oak - Mixed Hardwood,0.000691244,0.271486175,2.5,23.5,1.5,0,3.72,0.2,18.5,4.8,0.79,297.84,12.39209,1.17
3732,2015,WC,West Creek,-81.69424,41.38906,Oak - Mixed Hardwood,0.00149925,0.614692654,0,24.75,1.75,0,6.29,0.27,23.3,4.2,24.86,180.75,6.7618,0.975
3812,2016,BK,Brookside,-81.72048,41.44942,Dry-Mesic Meadow,0,0.964483907,0.5,0,0,0,1.8,0.172,10.5,6.5,7.69,308.85,10.48723,99.5475
3964,2017,OE,Ohio and Erie Canal,-81.67164,41.43824,Bottomland Forest,0,0.805868434,1,12.75,3,0.25,15.3,1.5,0.095,7.2,1.73,56.07,12.52181,1.5925
3980,2015,WA,Washington,-81.66095,41.45597,Wet Meadow and Marsh,0,0.960496503,1,10.5,3.5,0,4.6,0.21,22.1,7.4,1.95,25.93,13.67478,2.08
